label,seqname,AAAA,AAAC,AAAG,AAAT,AACA,AACC,AACG,AACT,AAGA,AAGC,AAGG,AAGT,AATA,AATC,AATG,AATT,ACAA,ACAC,ACAG,ACAT,ACCA,ACCC,ACCG,ACCT,ACGA,ACGC,ACGG,ACGT,ACTA,ACTC,ACTG,ACTT,AGAA,AGAC,AGAG,AGAT,AGCA,AGCC,AGCG,AGCT,AGGA,AGGC,AGGG,AGGT,AGTA,AGTC,AGTG,AGTT,ATAA,ATAC,ATAG,ATAT,ATCA,ATCC,ATCG,ATCT,ATGA,ATGC,ATGG,ATGT,ATTA,ATTC,ATTG,ATTT,CAAA,CAAC,CAAG,CAAT,CACA,CACC,CACG,CACT,CAGA,CAGC,CAGG,CAGT,CATA,CATC,CATG,CATT,CCAA,CCAC,CCAG,CCAT,CCCA,CCCC,CCCG,CCCT,CCGA,CCGC,CCGG,CCGT,CCTA,CCTC,CCTG,CCTT,CGAA,CGAC,CGAG,CGAT,CGCA,CGCC,CGCG,CGCT,CGGA,CGGC,CGGG,CGGT,CGTA,CGTC,CGTG,CGTT,CTAA,CTAC,CTAG,CTAT,CTCA,CTCC,CTCG,CTCT,CTGA,CTGC,CTGG,CTGT,CTTA,CTTC,CTTG,CTTT,GAAA,GAAC,GAAG,GAAT,GACA,GACC,GACG,GACT,GAGA,GAGC,GAGG,GAGT,GATA,GATC,GATG,GATT,GCAA,GCAC,GCAG,GCAT,GCCA,GCCC,GCCG,GCCT,GCGA,GCGC,GCGG,GCGT,GCTA,GCTC,GCTG,GCTT,GGAA,GGAC,GGAG,GGAT,GGCA,GGCC,GGCG,GGCT,GGGA,GGGC,GGGG,GGGT,GGTA,GGTC,GGTG,GGTT,GTAA,GTAC,GTAG,GTAT,GTCA,GTCC,GTCG,GTCT,GTGA,GTGC,GTGG,GTGT,GTTA,GTTC,GTTG,GTTT,TAAA,TAAC,TAAG,TAAT,TACA,TACC,TACG,TACT,TAGA,TAGC,TAGG,TAGT,TATA,TATC,TATG,TATT,TCAA,TCAC,TCAG,TCAT,TCCA,TCCC,TCCG,TCCT,TCGA,TCGC,TCGG,TCGT,TCTA,TCTC,TCTG,TCTT,TGAA,TGAC,TGAG,TGAT,TGCA,TGCC,TGCG,TGCT,TGGA,TGGC,TGGG,TGGT,TGTA,TGTC,TGTG,TGTT,TTAA,TTAC,TTAG,TTAT,TTCA,TTCC,TTCG,TTCT,TTGA,TTGC,TTGG,TTGT,TTTA,TTTC,TTTG,TTTT
1,ENSG00000261061.1,31,5,2,13,6,5,0,5,2,3,4,1,9,5,2,7,6,2,3,4,5,5,0,6,0,1,0,0,5,5,3,6,2,5,4,0,4,5,0,7,5,4,1,5,0,0,3,2,8,2,1,0,2,3,1,2,3,0,4,0,2,2,3,3,5,7,4,4,2,6,1,6,4,6,3,2,1,3,3,1,6,2,5,2,3,2,2,4,2,0,1,0,4,7,4,4,0,1,1,1,0,1,0,1,0,0,1,0,0,0,0,0,6,5,3,2,4,7,0,7,2,5,3,2,4,2,7,5,2,4,2,3,3,3,0,5,5,3,5,2,0,0,1,1,3,6,3,2,4,0,1,5,1,0,0,0,1,3,4,4,2,1,6,1,2,3,0,3,2,2,0,1,0,2,7,2,1,1,0,0,3,0,0,3,5,1,4,1,0,1,2,1,13,0,2,3,4,2,0,3,0,4,3,0,1,0,1,1,5,5,4,0,3,4,0,4,0,1,0,0,6,3,1,4,7,4,4,0,7,1,1,1,3,2,3,5,2,4,1,0,3,1,3,1,5,1,0,2,5,5,2,4,2,3,4,7
1,ENSG00000254837.2,56,14,26,29,25,4,1,10,25,13,5,14,15,8,24,8,13,13,17,13,5,7,4,13,1,3,5,0,4,4,14,12,16,11,12,12,14,8,7,8,10,12,3,6,13,4,14,10,18,10,5,18,12,8,5,7,26,15,14,15,10,9,7,12,16,10,10,6,14,11,2,8,14,13,17,20,10,10,14,13,9,11,14,4,14,13,9,4,5,13,3,7,5,8,15,5,1,3,3,0,12,8,8,1,2,7,11,4,5,5,7,2,6,3,1,4,7,5,6,7,17,13,16,12,11,10,5,7,27,6,14,9,7,10,4,7,9,7,8,5,11,8,16,3,8,6,21,14,12,12,11,10,0,10,9,8,2,8,15,10,11,6,4,6,8,18,9,9,5,13,14,3,7,4,11,6,12,4,2,15,11,7,2,1,15,10,11,14,6,7,12,10,26,10,7,11,10,4,2,9,3,4,1,2,15,6,16,14,12,5,12,16,7,8,4,6,1,2,7,4,3,5,14,6,28,8,10,20,15,11,3,17,11,12,7,15,8,8,18,17,18,8,2,14,15,5,1,13,8,8,4,10,15,8,6,23
1,ENSG00000282851.2,18,10,15,9,17,14,1,8,9,10,8,7,5,10,5,10,15,6,8,5,10,10,3,13,3,2,0,0,9,9,10,9,9,13,8,4,12,21,0,10,18,17,5,8,6,6,12,6,6,3,3,5,9,11,1,7,5,6,4,5,9,3,3,13,13,10,8,6,4,10,0,11,11,17,16,11,6,9,8,6,7,6,25,10,15,8,3,18,4,1,6,3,7,7,23,21,3,1,6,0,0,1,1,2,2,3,4,4,1,1,2,2,6,7,4,6,7,13,4,13,13,9,22,18,13,10,16,10,10,6,5,4,5,9,3,7,11,11,20,9,3,7,0,5,5,8,12,10,10,8,4,18,1,0,3,2,4,9,14,9,8,5,18,7,15,6,3,17,12,9,4,7,5,6,13,5,12,6,2,5,3,5,1,13,7,7,13,14,2,8,5,12,11,14,6,11,8,3,1,11,3,5,4,3,3,2,7,8,10,5,10,4,13,18,4,9,2,1,4,1,3,12,14,10,5,5,19,4,8,12,2,7,6,12,19,10,13,9,14,14,18,7,6,4,10,15,2,6,8,7,8,13,11,12,12,32
1,ENSG00000255650.6,3,3,8,4,7,2,1,3,6,4,3,4,0,4,5,1,2,4,10,3,5,3,1,4,1,0,4,1,1,1,4,2,8,8,5,3,4,9,1,8,6,5,9,2,2,2,6,5,2,1,2,2,0,3,2,4,4,2,5,1,0,2,1,1,5,5,3,2,4,8,1,2,7,6,11,5,3,2,2,1,3,5,9,2,4,9,5,4,3,2,5,2,1,2,7,1,1,2,1,2,2,2,1,3,4,1,3,2,1,2,2,0,0,2,1,0,5,3,0,5,4,7,8,6,0,3,3,4,8,5,6,3,7,3,2,1,9,10,6,5,3,3,4,2,6,3,6,0,5,6,5,1,1,4,1,2,0,4,9,5,11,0,18,6,6,0,3,5,11,5,5,4,1,3,5,1,1,2,3,0,4,3,1,2,4,4,9,3,1,1,2,3,2,0,0,1,1,0,2,2,2,2,2,1,1,0,1,0,4,3,4,3,5,4,1,2,1,2,0,0,1,6,5,2,2,3,6,1,3,6,3,2,14,3,8,2,2,3,7,1,0,0,1,0,5,3,0,3,0,1,5,3,0,5,3,21
1,ENSG00000163597.15,25,15,23,25,10,14,5,16,13,17,16,21,11,17,18,19,10,6,14,14,14,12,2,19,5,1,7,5,15,10,17,12,17,18,22,10,14,20,7,17,26,13,11,17,17,10,24,15,8,9,9,4,14,12,4,17,23,10,14,12,9,10,10,33,17,9,14,12,9,13,5,14,20,20,25,17,10,9,18,9,18,16,27,13,23,13,8,11,0,8,5,8,4,29,19,24,2,1,3,5,2,7,5,3,4,5,4,6,3,6,11,5,11,10,6,6,20,23,5,22,25,22,21,20,12,16,19,32,22,8,16,11,9,11,7,14,23,14,14,18,6,13,20,15,10,7,17,7,21,12,7,23,4,5,1,8,10,10,25,16,13,9,14,20,12,12,3,18,11,8,11,12,7,10,23,18,18,5,10,4,11,5,3,19,23,20,20,20,18,10,21,26,24,13,14,17,16,9,1,10,11,7,12,10,3,8,3,19,14,12,24,12,16,18,4,23,2,3,6,4,4,21,27,27,25,13,30,19,13,24,3,23,15,19,16,23,10,11,25,37,31,12,15,19,18,21,3,21,16,11,18,31,38,27,26,86
1,ENSG00000241316.8,72,34,47,51,40,20,2,20,55,18,15,25,45,20,26,31,37,14,30,31,18,16,3,17,3,3,3,2,12,10,22,19,54,21,48,31,18,13,4,17,26,16,15,14,20,13,28,22,32,25,18,23,27,15,1,22,29,13,18,18,30,19,18,33,44,20,19,28,16,16,5,18,32,9,21,27,19,18,25,18,27,9,20,19,23,13,8,13,4,4,4,3,9,22,13,13,1,0,4,4,3,7,0,0,3,5,2,6,0,2,6,3,17,13,12,13,24,18,5,19,20,20,21,13,14,9,11,24,49,15,30,22,23,10,3,12,40,16,24,15,15,14,14,24,17,13,16,10,15,10,1,12,1,2,6,3,14,9,20,9,23,14,21,13,12,10,4,15,16,9,9,14,13,11,10,15,10,7,11,17,19,12,1,11,17,10,20,17,13,9,17,16,40,13,17,21,33,8,1,13,27,9,11,16,19,13,13,27,30,19,23,20,19,18,3,14,1,1,3,3,20,25,19,17,38,13,22,19,23,8,4,20,26,11,22,15,12,17,20,15,32,10,22,19,22,9,1,29,26,12,15,16,26,24,23,40
1,ENSG00000225850.3,6,5,3,7,4,2,2,2,3,4,4,2,4,1,8,2,5,3,2,1,3,5,3,4,1,4,2,3,2,1,3,2,4,2,2,6,3,9,1,2,5,4,4,1,1,1,1,2,4,2,0,2,2,2,0,3,3,3,4,3,6,3,0,4,2,3,3,5,3,6,3,2,4,2,5,2,1,2,2,3,3,5,4,1,4,4,6,4,2,5,9,3,4,6,7,1,2,1,3,0,1,5,9,4,8,3,11,1,0,3,3,2,2,3,1,2,4,4,3,0,5,6,5,3,2,1,2,1,6,1,5,2,2,3,4,2,4,9,5,0,1,3,2,6,4,5,6,2,3,6,8,4,2,8,10,1,2,2,7,2,7,4,10,2,7,3,9,5,4,12,13,4,1,1,4,2,2,3,1,0,0,5,1,0,3,3,3,2,0,2,4,2,7,1,2,1,2,4,1,2,3,0,0,1,2,1,1,2,1,1,1,4,3,3,2,6,1,2,2,1,0,2,2,1,1,4,3,4,5,4,2,2,6,5,5,2,4,1,3,2,3,1,2,2,1,3,2,2,1,1,6,2,1,2,4,0
1,ENSG00000260086.3,13,16,10,14,10,13,1,10,15,12,11,12,9,6,17,12,15,7,8,14,13,13,1,14,1,3,0,3,7,7,16,8,21,8,11,12,9,19,2,12,14,13,12,6,8,7,6,5,4,6,5,9,6,8,0,9,15,7,17,15,7,12,10,16,14,5,14,10,12,13,2,7,19,12,9,5,5,8,13,13,11,13,18,13,18,6,4,15,4,2,4,1,12,14,19,13,2,1,3,1,2,2,2,0,1,2,2,1,0,1,2,1,7,10,11,8,8,13,0,12,20,10,18,13,8,11,6,13,16,8,18,12,7,6,3,11,9,11,14,7,8,3,15,10,11,3,13,5,14,14,6,16,2,1,1,0,6,5,13,6,12,8,13,8,11,19,0,10,10,6,3,10,6,1,14,9,7,6,7,4,6,1,0,7,13,5,13,6,11,1,8,5,10,5,8,8,15,9,1,10,9,7,11,2,3,6,9,10,6,11,6,7,10,10,0,13,0,0,1,0,11,7,13,11,19,10,13,15,10,10,0,8,16,19,12,13,10,5,15,10,13,13,6,7,10,11,1,14,9,6,12,6,13,12,9,23
1,ENSG00000229267.3,53,20,22,44,20,12,1,18,30,12,5,11,26,14,20,24,17,7,13,8,13,6,3,5,3,1,1,1,12,8,8,13,31,11,22,15,9,6,3,18,14,9,5,2,15,10,6,6,29,6,10,11,13,7,3,8,16,7,9,14,11,12,8,11,22,9,12,12,12,3,1,5,17,8,10,15,8,6,7,3,11,6,19,3,12,3,2,6,1,2,2,1,4,10,9,7,1,2,1,2,3,1,1,2,3,0,3,1,1,0,1,2,11,8,5,8,10,8,0,10,18,4,10,8,12,8,6,15,36,11,16,13,5,7,3,11,16,11,7,7,11,7,10,5,8,1,8,6,7,7,0,8,0,2,2,2,6,4,14,8,17,9,8,10,8,5,1,4,10,4,5,1,3,2,1,0,7,5,8,6,6,3,1,6,3,4,3,4,4,2,6,8,28,11,8,15,8,5,1,7,16,5,7,4,11,4,9,10,19,7,10,8,7,7,1,11,2,2,2,0,10,6,9,13,27,4,10,6,3,10,1,8,17,5,7,2,7,4,6,12,15,2,9,9,15,8,2,14,10,7,9,3,8,17,9,27
1,ENSG00000278266.1,52,13,18,34,20,6,0,15,23,11,19,12,26,15,11,26,14,11,18,20,6,8,0,12,1,1,2,1,10,8,14,23,14,10,15,15,17,18,2,9,27,17,14,8,10,6,10,12,29,7,8,17,14,8,1,18,14,13,7,12,14,17,19,37,13,8,19,15,18,6,3,14,17,19,19,10,12,15,11,19,18,10,11,11,10,4,1,9,1,0,0,0,13,6,17,13,1,2,2,0,1,1,0,0,0,0,2,0,0,0,1,2,12,10,6,14,14,7,1,19,15,15,14,17,14,18,11,30,20,11,14,11,8,6,0,13,10,9,17,10,14,5,8,14,12,6,16,13,17,6,0,12,3,1,0,0,6,11,9,15,22,5,13,16,15,6,1,10,16,3,6,5,6,7,8,6,11,5,5,13,10,7,0,8,19,3,9,12,9,6,8,11,32,9,14,18,17,8,2,13,4,7,11,6,9,6,16,28,11,14,20,13,17,6,0,16,0,0,0,2,13,16,21,22,20,10,16,10,14,10,1,22,13,12,8,14,18,12,24,14,21,18,9,15,20,17,0,27,8,16,17,27,26,23,29,30
1,ENSG00000249550.7,32,16,23,26,21,13,1,15,20,20,18,18,21,10,19,17,11,13,19,18,25,15,0,23,3,2,3,1,11,15,15,9,27,8,25,16,19,19,4,19,21,12,16,12,13,16,18,10,20,15,10,13,14,14,5,17,18,10,15,21,16,14,16,23,16,12,20,6,16,25,2,15,20,16,20,18,11,20,20,21,18,17,22,19,21,16,0,22,1,1,2,2,12,29,26,22,2,0,5,1,3,0,0,2,3,5,0,1,1,2,6,2,13,11,9,9,29,25,3,24,25,21,19,15,14,17,16,18,31,14,17,18,9,9,3,8,27,11,18,15,12,6,13,9,10,12,14,20,15,10,2,19,2,0,2,4,12,11,16,12,18,13,21,10,16,9,1,9,15,7,7,9,9,9,8,7,8,8,9,15,9,8,0,20,15,14,12,10,12,5,10,9,18,8,16,17,15,16,3,12,9,14,5,6,14,14,11,22,15,16,19,15,15,18,4,25,2,2,2,4,7,26,23,23,33,8,20,13,18,18,3,21,23,11,15,11,17,10,19,17,18,12,6,24,13,15,2,18,16,15,14,17,18,12,20,35
1,ENSG00000267939.1,5,3,2,3,2,2,0,1,2,0,0,5,4,0,1,1,1,0,6,1,3,0,0,3,0,0,0,0,1,1,1,2,3,0,2,1,0,1,0,1,0,5,0,2,4,2,5,0,2,2,0,3,1,1,0,3,4,1,1,3,2,1,0,4,3,1,3,0,0,3,0,2,2,0,6,2,1,2,3,0,2,3,2,2,3,2,2,0,1,0,1,0,2,6,4,1,0,0,1,0,0,1,0,1,0,1,0,0,0,0,0,0,3,0,1,1,4,5,1,3,2,5,5,1,1,1,4,1,2,1,1,1,0,1,0,1,1,1,0,3,1,2,1,5,1,0,0,2,2,2,0,6,0,1,0,0,2,1,5,0,0,0,1,2,1,3,1,5,2,0,1,1,1,1,2,2,0,2,2,2,1,0,0,4,4,1,2,1,1,1,1,2,3,0,1,2,6,0,0,1,1,1,1,1,1,1,4,1,3,2,2,1,1,3,0,4,0,1,0,0,0,5,3,4,1,2,1,6,2,5,0,1,1,4,3,3,1,2,1,3,2,3,1,1,2,2,0,2,0,1,3,2,3,3,1,8
1,ENSG00000205791.3,40,8,11,13,7,6,1,10,13,4,7,12,8,3,12,6,8,2,5,6,8,6,0,7,2,3,1,0,9,8,6,3,20,9,11,8,7,5,2,7,11,9,11,6,7,8,8,6,6,5,3,5,6,4,1,3,6,9,8,5,5,5,2,14,6,5,8,5,6,4,2,6,8,8,8,8,4,4,4,9,1,7,11,8,6,8,6,6,3,2,4,2,2,6,8,11,4,3,4,2,1,4,1,3,3,1,4,1,0,3,0,1,8,4,7,4,7,8,2,9,8,8,10,4,4,4,9,10,15,7,12,7,2,9,2,6,20,4,15,6,2,4,9,5,8,3,10,2,6,4,2,6,5,3,3,2,6,6,7,6,7,4,17,4,5,4,7,10,12,9,5,2,1,3,11,2,5,1,5,3,6,4,1,8,11,1,5,6,2,5,2,5,12,4,5,4,6,2,1,4,7,5,7,3,5,3,3,6,7,6,6,5,7,8,3,8,3,1,1,0,6,6,9,7,10,3,13,6,10,5,3,5,6,6,8,8,6,5,4,5,6,3,7,5,5,10,1,8,7,5,5,5,10,10,9,17
1,ENSG00000257303.2,21,15,15,12,17,11,4,14,15,19,21,15,9,9,16,14,12,11,22,6,17,21,7,19,2,1,9,4,8,14,17,19,17,16,20,7,26,30,14,15,38,17,24,9,5,15,18,14,11,8,7,5,5,20,3,16,9,7,12,8,13,11,6,16,21,11,16,16,8,25,4,15,18,35,37,21,8,19,11,10,23,23,50,19,43,25,11,23,8,13,14,7,9,24,23,17,7,6,5,3,3,18,5,11,7,11,9,4,4,3,13,1,9,12,14,7,18,33,6,14,17,20,24,17,6,19,14,28,10,13,25,13,11,18,5,18,20,24,15,9,6,11,5,11,17,10,20,12,22,26,15,17,9,12,6,8,16,17,17,17,24,20,23,17,15,20,9,22,19,20,16,19,11,9,14,12,7,7,6,9,10,12,5,8,15,15,23,6,7,12,5,14,11,8,14,7,15,10,3,11,7,7,15,7,8,5,4,11,12,8,19,11,33,30,9,13,2,11,2,2,9,16,21,14,13,10,20,6,15,12,7,19,20,18,25,14,9,8,14,11,13,12,9,7,17,20,3,22,8,11,18,11,15,20,23,32
1,ENSG00000261487.1,0,0,0,0,2,2,0,3,2,7,3,2,0,2,0,2,3,4,8,5,8,5,7,10,1,0,1,2,1,6,7,2,1,7,7,3,5,11,1,10,4,10,8,4,3,5,7,5,0,3,1,0,3,5,1,2,1,1,7,2,0,3,3,4,1,3,8,2,11,15,3,7,7,9,16,10,1,6,9,6,3,19,12,12,14,12,7,11,1,8,8,3,3,16,13,13,0,2,2,0,3,3,2,4,0,1,9,1,0,2,5,0,0,6,2,2,9,13,3,9,4,18,18,9,2,10,6,4,0,3,5,1,3,7,0,5,6,8,6,4,2,2,2,2,5,10,14,1,13,12,3,15,0,2,1,1,4,7,18,5,3,4,10,4,9,17,0,14,11,15,19,6,1,7,13,4,2,2,4,0,3,8,1,6,5,8,16,5,1,1,6,5,0,1,1,1,4,6,1,1,3,3,1,4,1,1,0,0,3,3,8,4,11,15,3,9,2,2,1,1,2,5,11,2,5,2,5,1,13,12,1,6,6,14,15,14,4,4,9,4,1,1,4,0,3,12,1,3,3,5,8,5,2,5,6,14
1,ENSG00000269887.1,10,2,7,8,2,0,0,5,3,4,3,2,3,5,5,7,4,2,6,4,1,0,0,3,0,0,0,0,2,2,2,6,6,0,4,5,3,2,1,2,6,2,2,4,2,1,4,2,6,4,3,8,3,2,0,8,3,3,3,3,7,8,4,11,5,2,0,2,3,0,0,1,4,1,4,4,4,1,3,5,0,1,0,2,2,1,0,1,0,0,1,0,2,0,4,3,0,0,0,1,0,0,0,0,0,1,0,0,1,0,0,0,2,5,3,6,1,3,0,2,8,4,0,4,4,4,0,6,5,3,2,6,1,1,0,1,2,2,4,1,4,5,2,4,2,0,2,2,0,1,0,2,1,0,0,0,5,1,3,1,5,2,1,5,0,1,0,3,2,1,1,1,2,1,2,4,0,3,3,4,1,0,0,3,2,0,4,2,1,0,2,7,7,0,3,4,10,3,0,5,6,1,3,2,10,2,2,14,3,1,5,5,0,2,1,3,0,0,0,1,7,3,7,4,5,1,4,4,3,0,0,5,5,0,2,4,5,2,2,4,6,6,3,10,9,1,1,8,1,1,4,4,13,7,4,17
1,ENSG00000227598.1,2,2,4,2,0,0,0,3,5,2,2,2,1,0,1,0,2,1,0,0,1,1,1,0,0,0,2,1,2,3,2,1,3,0,3,5,2,4,1,2,4,1,1,0,1,1,0,4,0,0,0,2,1,3,3,0,4,1,0,1,1,0,1,2,1,0,3,0,2,2,1,2,3,2,0,1,1,2,0,2,1,4,1,2,4,3,0,4,0,4,3,0,2,1,4,0,0,1,0,0,2,5,1,0,4,1,1,3,1,0,1,0,2,2,1,0,1,3,1,1,3,5,2,0,1,1,1,0,5,0,4,0,1,0,1,3,2,3,4,2,0,4,4,1,0,1,3,2,1,4,4,2,0,1,4,1,1,2,3,1,0,3,6,2,1,1,2,0,0,2,0,0,1,1,5,0,1,0,2,0,1,1,0,0,2,1,5,2,1,1,1,2,2,1,1,0,0,1,1,0,1,2,0,1,0,1,1,1,1,1,2,1,2,3,2,1,1,3,0,0,0,0,1,1,6,1,2,2,1,1,1,5,3,0,0,4,0,0,4,1,1,0,1,1,2,1,0,1,2,1,0,2,0,2,2,2
1,ENSG00000276814.1,12,8,7,5,4,3,1,8,4,10,5,6,7,1,1,3,2,5,3,2,4,5,0,7,0,1,0,1,3,5,6,7,5,4,3,1,4,4,0,3,7,5,3,4,2,6,5,4,6,4,5,5,2,5,0,4,3,1,3,2,1,2,2,9,7,1,4,3,4,6,1,4,2,1,6,2,5,3,3,2,7,4,2,3,3,5,1,8,1,0,1,0,2,6,12,10,1,0,0,1,1,1,0,0,0,0,0,2,0,0,1,0,4,2,2,3,8,5,1,9,7,5,7,18,6,5,7,10,4,3,10,1,1,3,0,8,1,0,5,5,2,4,3,3,5,4,1,2,4,2,0,7,0,0,0,0,3,3,4,4,6,3,4,6,4,3,0,4,1,1,1,1,2,1,6,2,4,0,3,1,1,3,1,10,5,3,8,5,2,4,2,7,9,4,4,3,3,4,0,1,6,1,3,4,6,3,2,5,1,2,5,6,5,5,1,8,1,1,1,0,3,9,15,7,6,5,4,4,3,5,0,7,11,5,0,4,4,8,9,9,6,2,4,7,3,6,1,11,4,6,2,5,10,10,6,9
1,ENSG00000249456.1,3,1,2,3,1,0,2,2,6,1,2,7,2,4,2,2,2,1,3,2,3,1,1,1,0,0,1,3,1,2,2,1,4,4,2,3,4,2,1,3,10,0,1,0,1,4,9,0,1,0,1,3,2,3,0,4,1,2,1,6,3,0,2,2,2,1,8,4,3,1,0,1,5,3,3,2,1,1,3,1,5,1,6,2,3,0,1,0,1,15,0,1,2,2,2,2,1,1,0,0,0,15,2,1,1,0,3,0,4,1,2,0,0,1,2,1,4,1,2,1,1,4,4,0,1,4,1,1,3,3,4,3,1,4,1,2,1,4,5,2,1,3,2,1,4,2,1,1,5,2,15,1,0,2,2,0,0,2,3,3,4,2,10,2,0,2,0,3,3,2,2,1,1,1,1,1,0,4,4,2,2,4,3,0,3,4,5,3,0,1,1,0,1,0,2,0,3,1,1,1,1,2,1,3,1,1,3,3,4,1,4,1,3,1,0,6,1,1,1,3,1,1,2,1,4,1,0,2,4,4,1,1,4,3,2,3,4,3,3,1,2,1,0,2,2,2,1,0,2,0,2,2,1,0,2,0
1,ENSG00000268001.1,36,8,8,24,19,5,1,6,18,6,6,4,25,9,13,20,15,4,8,19,5,3,0,8,0,2,2,2,7,6,8,10,15,8,9,7,7,10,1,6,15,9,5,8,4,2,6,9,26,12,9,27,8,4,1,9,8,6,10,11,20,10,9,22,13,7,8,12,9,6,1,8,7,10,12,4,9,7,14,8,8,4,8,7,7,4,4,1,2,2,1,4,5,11,11,8,1,0,4,3,1,4,0,1,1,4,0,2,1,3,2,3,11,3,3,6,10,10,6,6,11,5,12,9,5,9,9,6,11,8,8,11,5,4,3,6,12,4,12,8,6,4,3,10,6,5,7,6,8,3,1,15,1,2,1,1,4,5,8,2,13,2,12,7,7,6,3,8,7,4,2,3,3,7,7,7,8,3,2,11,7,4,1,8,6,5,4,8,4,4,8,12,17,8,10,20,13,1,1,10,2,4,7,5,34,2,5,23,11,11,10,6,7,6,4,11,5,0,3,2,7,10,10,9,9,8,11,6,9,7,1,4,11,7,9,11,16,8,8,9,10,7,4,20,13,10,2,13,9,5,12,13,12,15,13,24
1,ENSG00000258733.6,50,25,17,29,22,7,2,14,17,13,9,15,21,15,14,32,20,8,7,15,9,7,1,2,1,1,0,1,12,7,11,12,20,9,10,11,13,11,0,11,12,5,6,9,11,10,8,14,15,7,8,30,13,8,2,14,16,6,7,12,24,17,25,37,28,7,13,8,14,6,1,10,13,5,9,11,10,9,10,22,11,7,12,11,13,8,3,6,1,1,2,4,5,11,14,16,1,0,2,2,2,1,0,2,0,0,3,0,1,2,1,3,17,8,5,11,14,11,3,12,11,12,8,16,7,20,9,23,13,7,15,13,5,3,0,12,13,7,9,9,5,6,7,14,6,8,8,12,6,6,2,20,0,1,0,0,9,6,10,11,11,4,8,5,6,7,0,9,5,5,3,8,6,5,10,10,16,1,2,14,5,5,2,11,4,6,12,12,11,4,15,14,30,6,9,32,9,3,0,6,7,10,5,8,24,7,10,35,19,8,11,13,13,9,2,18,3,2,2,2,15,16,12,20,16,7,18,14,13,15,1,14,11,12,8,14,15,6,15,17,29,2,15,21,19,18,2,26,24,19,18,13,25,24,25,57
1,ENSG00000225733.6,59,22,24,28,26,10,4,20,12,17,14,29,25,11,23,29,24,14,18,19,17,7,4,12,2,4,4,4,17,11,16,21,14,7,13,16,27,13,6,18,12,17,5,14,15,8,29,26,17,14,12,16,20,10,2,11,14,18,14,17,16,15,27,27,27,14,14,19,16,16,4,17,15,23,15,26,11,16,17,27,11,12,21,13,18,9,5,12,2,6,10,3,5,11,25,16,5,4,5,2,11,4,9,4,9,9,9,5,4,6,6,5,15,11,7,6,15,12,10,8,21,21,19,19,13,14,13,38,19,14,21,12,9,7,3,12,13,12,12,9,13,8,8,15,17,18,23,20,9,15,10,20,9,9,10,7,11,13,15,23,21,4,8,9,13,19,16,18,7,18,9,10,5,16,17,15,20,12,13,7,8,7,9,14,18,12,22,16,11,13,20,29,29,10,13,29,24,7,3,16,10,12,7,14,10,8,15,14,22,9,17,19,13,13,2,13,3,9,8,7,6,10,24,18,26,16,20,17,27,18,4,22,14,22,20,24,28,8,16,27,29,13,11,18,24,12,6,25,26,20,25,27,31,25,38,78
1,ENSG00000225470.8,249,81,106,147,86,36,9,55,87,38,62,62,103,44,64,94,75,41,61,74,52,19,3,30,5,8,17,9,43,25,48,43,111,44,45,52,49,25,3,32,59,38,36,34,49,25,42,45,86,48,44,82,44,36,8,48,63,17,46,68,74,40,47,93,96,46,39,39,57,32,16,39,56,39,33,38,50,33,44,43,47,26,44,28,29,14,5,22,6,4,8,5,25,25,50,18,6,6,6,5,1,16,0,5,8,16,11,5,5,5,5,8,38,24,22,31,50,19,10,27,46,27,51,56,34,27,25,33,125,27,64,50,45,18,7,30,60,17,43,30,42,19,41,39,49,26,26,29,28,12,7,33,5,4,8,3,23,17,38,20,79,17,46,38,41,16,13,38,47,23,24,20,22,11,33,27,51,22,22,45,26,16,2,23,45,21,44,24,38,24,32,38,113,32,40,69,63,18,7,35,49,15,29,31,65,40,45,78,49,50,35,39,36,25,8,33,7,6,7,6,24,39,44,38,70,33,53,46,39,23,4,23,66,31,43,34,65,26,54,52,79,29,36,70,53,31,6,47,48,24,33,49,68,46,50,103
1,ENSG00000256940.2,1,2,4,5,3,2,1,2,2,1,2,1,2,1,4,3,2,2,3,1,1,4,0,4,2,2,1,0,1,4,1,0,5,1,0,1,1,1,1,1,3,8,8,0,1,4,2,1,0,0,2,0,0,1,1,2,2,1,0,2,4,3,4,3,6,1,0,1,2,2,2,2,2,2,9,2,0,2,0,5,2,2,6,1,3,8,2,6,1,3,1,1,4,6,4,3,0,2,0,1,1,3,0,4,0,1,2,0,2,0,2,1,1,3,3,4,5,5,1,3,5,5,3,4,1,5,1,0,3,4,1,4,2,3,2,0,2,0,3,3,0,0,0,4,2,1,4,2,4,3,2,3,0,3,0,1,3,3,6,1,2,4,3,0,3,6,1,5,3,4,7,3,1,2,2,1,1,1,3,0,1,3,0,6,1,4,3,1,0,2,1,0,2,1,1,0,1,2,0,3,1,1,5,2,0,1,1,2,2,2,2,3,3,4,2,4,0,0,1,3,3,1,6,3,5,0,5,2,4,2,2,3,3,2,0,3,1,4,3,0,2,2,1,0,3,4,2,2,4,1,2,1,0,1,2,1
1,ENSG00000272970.3,10,9,23,8,8,8,3,9,18,18,14,9,3,5,14,4,6,9,16,10,10,9,4,12,4,4,1,2,7,9,10,5,23,12,26,11,17,19,2,12,20,11,10,11,7,7,9,6,5,2,2,5,4,10,0,16,12,6,5,18,6,8,11,9,14,5,9,3,15,12,4,13,25,15,19,8,7,11,11,9,5,15,26,7,17,6,3,9,3,2,4,3,7,15,21,16,2,1,2,2,3,6,1,0,2,5,3,2,1,3,3,1,7,4,4,8,21,15,5,14,18,11,17,11,6,20,8,11,13,9,23,11,10,10,3,7,20,12,15,8,2,8,13,11,7,6,15,12,11,10,1,21,0,2,3,1,4,11,12,7,18,7,15,8,11,5,2,10,11,6,5,10,6,7,8,10,5,4,10,4,8,7,2,11,8,11,9,4,4,8,7,9,13,5,4,4,8,5,1,2,9,5,4,4,2,6,3,10,13,14,10,9,15,10,4,18,0,2,4,2,5,20,14,17,13,10,12,13,9,13,1,12,15,6,14,8,9,11,12,11,9,6,6,4,13,15,1,15,10,7,12,10,9,8,13,41
1,ENSG00000228950.1,5,3,3,1,2,2,0,1,3,0,3,0,0,2,0,2,0,3,1,1,1,1,0,3,0,0,0,0,1,2,1,2,1,1,3,1,2,0,0,3,5,2,2,0,0,0,1,0,2,0,0,0,1,3,0,1,1,0,0,1,2,1,1,0,1,1,2,1,2,2,0,1,2,3,1,0,1,1,0,1,3,1,1,1,1,3,1,2,1,0,2,0,0,2,4,3,0,1,0,0,0,0,0,0,2,0,0,0,0,0,0,0,0,0,1,0,3,3,0,3,0,2,8,3,2,2,4,2,5,1,1,1,1,1,0,2,1,1,2,1,0,2,2,1,0,1,1,1,1,2,1,1,0,0,0,0,0,3,6,2,5,2,3,2,0,2,0,4,2,1,0,2,0,2,1,0,0,0,1,0,0,2,0,0,3,3,0,0,0,0,0,0,1,0,0,1,0,0,0,2,0,1,3,0,0,0,0,0,2,0,3,0,3,1,1,3,0,0,0,0,0,2,2,3,2,0,0,2,1,3,0,4,3,3,3,1,1,0,4,0,0,2,2,0,1,0,0,3,0,3,2,1,0,1,1,1
1,ENSG00000198468.9,44,11,13,17,11,9,1,17,15,7,10,12,10,10,12,8,7,4,14,8,9,8,1,14,1,1,0,1,10,10,10,12,7,9,29,22,9,18,4,11,16,16,6,11,7,12,14,9,4,5,4,12,7,5,4,11,11,14,13,13,10,8,7,24,17,8,17,7,6,13,1,10,15,14,15,9,4,5,16,6,13,15,15,9,16,8,8,16,0,1,7,3,6,23,21,14,3,0,4,1,2,2,1,3,2,5,6,4,1,1,2,2,9,12,6,5,11,23,5,14,19,11,22,13,10,22,12,8,16,10,8,8,5,6,0,3,26,13,21,15,4,9,16,12,17,1,5,8,12,16,1,18,5,3,5,0,7,5,20,6,15,1,22,6,5,10,8,13,10,5,7,17,7,10,8,14,8,3,11,6,12,10,1,10,12,12,6,5,4,7,10,19,9,9,6,8,11,4,1,12,11,8,3,6,7,3,7,23,12,10,19,6,15,16,1,16,2,3,5,2,9,15,14,20,17,4,20,12,15,17,0,11,16,9,20,7,13,10,11,15,11,8,7,17,17,10,2,23,11,6,11,18,19,15,17,37
1,ENSG00000227630.4,34,17,26,18,27,12,0,12,31,22,24,21,8,10,22,12,24,12,29,18,17,18,4,15,1,3,3,5,4,8,19,14,26,17,33,25,24,21,5,17,29,30,26,17,6,21,24,11,19,4,2,6,12,13,1,16,20,15,20,17,4,20,16,18,26,12,29,11,19,26,7,16,34,22,47,18,8,20,23,18,16,26,37,19,28,16,2,20,3,6,0,3,8,22,38,17,3,0,3,3,6,2,1,8,2,4,4,2,2,4,8,3,10,10,9,6,24,26,5,20,29,39,27,16,13,19,11,15,17,17,32,11,24,13,3,10,25,21,24,12,11,8,20,16,20,12,35,19,29,16,5,23,4,5,4,5,12,19,24,12,30,12,21,11,18,29,8,23,17,16,25,7,6,10,12,10,7,6,5,7,17,9,4,20,20,12,18,19,6,7,16,12,18,5,11,12,13,3,2,7,11,2,7,11,4,4,7,12,18,18,20,13,24,16,1,27,1,3,5,4,11,26,30,15,18,21,25,16,37,21,4,19,26,28,10,12,11,15,25,17,10,5,15,8,16,20,3,26,11,15,11,17,15,19,11,18
1,ENSG00000234494.7,26,10,18,15,11,3,2,8,23,10,13,6,3,8,15,8,19,4,7,11,4,5,0,9,0,4,1,2,2,10,6,7,19,11,15,10,21,13,1,5,8,9,8,10,3,3,8,6,3,3,4,6,9,5,0,13,10,6,6,10,3,11,5,9,18,9,14,12,9,7,4,10,11,14,5,8,7,9,8,7,13,8,9,7,9,5,2,7,2,2,1,1,11,14,17,3,0,1,2,0,5,0,0,2,0,1,0,1,0,1,1,1,10,5,7,5,15,15,1,12,14,15,8,7,1,8,8,8,17,4,10,4,15,5,0,2,14,14,13,3,4,4,6,7,14,9,11,6,10,5,2,13,0,1,0,0,5,11,10,6,10,3,14,4,7,6,0,9,13,3,4,2,1,3,5,7,4,2,2,3,3,5,0,6,5,6,8,5,3,2,6,5,8,1,10,3,6,3,1,5,7,2,4,3,2,6,3,6,7,8,11,7,14,8,2,16,1,0,0,0,9,8,11,9,6,7,13,7,7,11,0,16,10,9,10,3,7,7,10,2,5,5,3,3,7,15,0,6,4,7,10,4,9,7,6,17
1,ENSG00000249042.6,72,24,40,59,26,13,4,19,24,17,18,36,33,19,23,51,26,18,26,28,18,4,3,23,3,5,2,2,21,14,23,34,35,20,18,21,19,17,4,25,18,20,13,19,23,10,24,37,33,19,10,39,18,17,2,24,21,14,12,31,31,33,26,70,39,9,15,23,25,17,4,30,26,19,29,26,25,17,20,33,25,16,24,22,21,13,3,11,3,3,4,3,17,25,33,20,7,2,2,3,6,5,2,3,5,6,5,1,1,3,7,4,12,23,20,22,22,30,4,39,24,24,35,35,27,29,22,52,33,14,21,22,13,9,1,16,23,12,17,17,14,13,11,24,15,19,16,15,18,12,5,22,4,6,9,6,14,24,22,20,20,5,20,14,16,14,14,20,14,14,9,14,9,10,19,25,19,7,8,17,16,9,1,24,20,12,25,21,15,23,23,57,51,15,19,22,34,9,3,27,21,17,6,15,29,12,24,52,20,23,35,30,30,19,2,39,4,2,2,4,25,32,40,56,28,12,29,24,24,20,5,32,22,24,24,29,18,27,28,52,43,24,21,39,52,34,5,66,28,31,27,38,54,72,53,122
1,ENSG00000248161.5,2,3,5,2,1,4,1,5,6,2,3,2,3,0,1,3,1,0,5,1,4,0,3,3,0,1,1,1,5,2,3,3,4,2,4,2,0,4,2,4,7,2,0,2,2,0,9,1,3,0,3,3,1,3,0,2,4,0,2,6,3,5,0,4,4,3,2,0,2,2,1,3,1,2,4,3,1,2,5,1,3,3,1,6,2,0,6,0,0,6,5,2,1,8,3,5,0,0,0,0,0,6,1,2,1,5,2,0,1,1,2,2,4,3,2,4,4,8,3,2,3,4,4,4,0,5,4,2,2,2,4,3,1,1,1,5,2,2,2,3,4,2,4,6,2,1,1,1,3,4,1,5,0,2,0,2,5,3,5,1,3,4,3,5,2,2,1,4,1,0,1,3,1,4,0,3,1,0,6,0,2,3,0,3,8,2,3,4,2,3,2,3,4,3,2,2,3,3,0,0,3,4,2,4,1,2,2,2,4,4,3,1,4,4,3,8,0,0,2,1,2,4,4,2,4,2,2,9,3,1,0,4,6,2,2,3,3,3,6,4,3,3,2,0,5,5,0,5,2,2,4,2,3,2,4,6
1,ENSG00000244468.1,0,1,0,2,7,3,0,3,4,2,3,1,4,5,1,3,7,6,1,4,5,3,3,4,2,0,1,0,0,4,6,2,6,8,2,1,1,3,2,5,3,0,1,1,0,1,4,0,1,2,2,2,4,1,3,3,3,1,1,0,1,3,1,1,1,3,1,8,5,6,1,7,4,3,1,2,1,3,2,2,2,7,4,1,2,1,1,2,3,5,0,0,5,0,2,4,4,2,4,0,1,4,3,0,1,2,1,0,0,0,0,0,0,1,2,3,3,1,0,3,4,6,1,3,0,5,3,7,1,7,8,3,6,3,2,0,6,5,1,2,0,1,1,0,3,0,1,0,2,1,2,4,5,0,3,0,0,2,5,4,5,1,2,0,0,0,2,1,2,0,1,3,0,4,1,1,1,0,0,0,2,4,0,0,4,0,1,2,0,1,0,2,1,1,1,0,0,3,0,2,3,1,0,0,2,2,1,1,1,6,4,3,5,1,2,1,0,3,0,0,1,1,1,5,4,0,6,1,2,2,1,5,2,1,3,2,1,1,2,2,1,2,0,1,5,3,0,2,1,3,5,1,3,1,6,2
1,ENSG00000222017.1,15,7,6,12,13,4,1,6,4,3,3,6,10,4,5,7,7,1,4,8,6,3,2,4,0,0,1,0,6,4,3,7,5,3,2,7,9,2,1,1,5,5,2,0,8,5,4,5,7,8,3,12,7,0,0,4,10,3,6,5,10,8,6,16,7,4,3,7,1,3,0,3,5,6,3,6,8,2,5,10,2,4,4,5,2,4,0,3,2,1,0,2,3,6,1,4,1,0,2,0,0,2,0,1,1,0,1,1,1,0,1,1,4,4,3,8,4,6,1,4,3,5,3,1,4,2,2,9,10,4,3,4,0,4,0,4,4,2,2,4,6,2,3,8,7,1,4,7,4,1,1,2,1,1,2,1,5,0,6,1,4,3,4,6,1,1,4,4,6,4,0,1,2,0,2,1,2,1,4,7,3,2,0,1,3,4,3,0,3,1,1,5,8,9,4,3,6,4,0,7,4,2,4,6,6,3,11,15,6,1,8,5,3,1,2,5,0,1,0,0,5,5,2,5,11,2,4,6,9,3,0,6,5,1,7,3,3,1,3,3,11,4,6,8,6,3,0,8,7,6,4,4,12,6,12,15
1,ENSG00000245910.8,11,4,4,9,6,0,0,5,6,3,3,2,7,4,2,5,2,0,4,5,2,0,1,2,0,1,0,1,3,2,1,3,6,4,2,3,4,3,1,4,3,1,1,7,0,4,1,0,7,2,3,2,5,0,0,2,5,2,2,3,3,4,5,4,4,1,2,4,1,0,1,1,5,2,1,0,4,2,4,5,2,0,1,1,0,3,2,3,0,1,2,2,0,1,3,3,2,1,2,0,0,0,4,0,1,4,1,1,1,0,1,1,2,1,3,0,2,1,0,4,2,3,3,3,3,2,4,5,8,3,8,1,2,2,1,1,3,3,6,0,2,1,3,2,3,0,1,4,0,1,2,2,4,2,5,0,1,2,5,3,3,0,4,1,2,1,4,4,2,2,1,1,0,0,9,3,0,2,2,2,5,0,0,1,3,1,5,5,1,2,4,3,6,3,0,4,2,3,0,2,1,4,2,3,1,0,3,4,4,3,2,5,2,4,0,0,1,0,0,0,2,2,2,4,9,1,4,4,2,1,2,3,2,4,3,3,5,2,3,6,4,2,2,4,2,5,1,3,8,2,2,5,5,3,4,7
1,ENSG00000257698.2,62,17,25,30,22,7,2,7,24,11,10,17,30,7,11,24,18,7,17,15,7,4,2,6,0,5,3,0,4,7,7,8,25,11,16,12,7,10,3,7,13,10,6,11,13,11,8,7,21,11,6,29,8,9,3,5,9,6,9,12,10,15,17,11,17,11,13,10,11,1,3,7,16,7,12,11,9,4,11,9,12,5,13,2,8,2,4,4,1,2,5,3,2,5,11,6,2,0,0,2,5,2,1,4,3,2,5,3,1,0,2,4,12,4,5,2,8,6,0,10,8,7,11,9,8,5,8,10,24,6,13,15,12,3,1,6,12,6,16,6,8,5,6,8,7,5,11,7,9,7,2,7,2,2,4,0,6,4,8,6,11,4,13,8,10,8,2,7,8,3,6,8,8,4,11,8,11,6,3,11,5,4,5,9,10,3,13,5,11,3,7,11,31,4,11,17,12,8,2,6,12,3,2,4,20,9,9,12,14,5,5,9,8,5,3,7,1,3,1,4,11,8,9,11,20,7,11,5,8,5,2,6,12,12,8,9,9,8,10,13,19,7,7,8,12,4,1,15,16,5,8,14,12,9,11,29
1,ENSG00000234779.1,1,2,2,2,3,1,2,0,4,2,1,4,1,1,0,2,2,1,2,2,0,1,1,1,2,2,2,0,0,1,1,2,2,2,3,3,4,5,3,1,3,1,3,2,1,3,1,1,1,1,1,1,1,1,0,0,4,0,0,0,1,2,2,2,2,1,4,2,3,1,1,2,1,4,1,1,1,0,2,2,2,1,4,0,0,5,3,3,5,1,2,0,1,4,1,1,3,0,4,0,2,3,3,2,4,3,1,0,1,0,0,0,0,1,0,0,3,4,1,2,3,2,2,2,0,3,1,2,3,3,4,0,0,1,3,1,4,7,5,1,2,0,2,2,4,2,0,1,4,2,3,2,0,5,4,1,0,2,3,2,2,2,7,0,0,2,2,4,3,3,2,1,0,0,1,2,0,0,1,1,1,1,0,2,1,1,1,1,0,1,3,2,1,0,1,0,1,0,0,1,1,0,2,0,0,1,0,1,1,3,1,2,3,3,1,1,0,2,0,0,0,2,4,1,3,1,3,3,1,1,2,0,1,1,3,0,0,1,2,3,1,0,1,0,2,2,1,3,3,1,2,3,1,2,3,6
1,ENSG00000280206.1,28,6,7,9,5,5,3,5,10,2,3,5,2,3,5,8,2,3,5,1,6,2,0,3,2,2,1,2,3,1,5,5,9,3,6,5,3,3,1,2,4,4,2,4,3,1,4,4,3,1,0,2,6,3,0,3,2,1,3,7,3,7,2,9,6,2,8,1,5,1,2,4,6,4,5,1,3,4,2,7,4,4,4,2,1,1,0,3,0,1,1,0,3,3,6,4,1,0,2,2,2,0,0,1,0,1,1,0,0,2,2,1,4,1,2,1,3,0,0,3,5,7,5,3,2,7,3,9,9,7,3,3,1,4,1,2,4,0,4,6,0,3,4,2,3,2,3,4,2,0,0,5,2,0,0,3,1,0,2,6,4,3,2,2,4,2,0,3,5,2,6,4,1,3,8,3,4,0,2,3,6,3,0,2,3,4,6,5,5,1,3,6,7,3,2,5,0,1,1,3,3,3,2,0,1,2,2,4,8,3,4,9,5,2,2,5,1,0,0,0,1,2,7,6,8,2,4,0,3,2,4,3,2,2,8,7,5,5,4,7,6,3,4,3,9,8,1,8,4,0,5,6,6,11,7,20
1,ENSG00000270696.1,14,11,9,11,9,3,1,11,7,6,6,7,9,6,11,7,9,6,5,5,8,3,0,3,2,1,0,1,8,6,9,10,11,7,6,12,7,6,1,7,4,7,7,3,3,8,5,12,6,3,6,15,6,6,1,9,7,7,4,15,8,6,12,19,10,4,10,6,5,6,2,6,14,6,9,7,3,4,3,11,7,3,11,6,8,5,0,6,2,0,0,0,7,6,9,14,2,1,1,3,0,0,1,0,0,0,0,2,2,0,2,0,6,6,3,10,13,9,0,8,12,8,6,13,9,9,16,23,10,6,5,7,5,3,0,8,7,5,2,5,5,5,9,12,4,1,9,3,5,4,2,10,0,0,1,2,4,6,10,14,4,0,2,7,1,5,0,8,7,2,6,4,2,4,3,6,2,2,7,8,6,1,0,12,5,8,3,8,5,9,10,14,11,3,2,9,7,2,1,8,8,4,4,9,13,7,10,15,10,9,11,7,6,7,0,17,3,0,1,1,6,12,11,19,11,8,10,9,9,10,1,19,2,5,6,6,12,7,13,20,11,7,9,12,12,14,4,19,14,16,6,16,17,25,14,42
1,ENSG00000233621.2,18,6,6,13,6,6,1,13,9,8,6,5,10,3,6,10,8,11,10,6,7,7,2,8,1,2,6,3,8,9,10,7,12,5,12,10,6,9,2,11,8,11,5,20,3,4,13,6,9,9,4,7,11,2,2,6,7,10,9,6,9,10,5,11,7,6,5,6,10,10,4,11,10,8,16,8,6,10,7,12,5,7,11,10,8,7,2,12,2,2,2,3,5,14,13,6,2,1,4,0,5,1,1,0,6,7,3,1,3,0,2,3,5,5,7,6,14,14,2,13,13,8,13,10,4,8,6,10,8,7,11,5,9,3,4,5,11,7,10,6,6,6,11,4,5,6,9,6,11,4,3,9,2,2,7,0,5,10,10,8,6,10,10,5,7,7,4,12,7,3,7,11,12,9,13,7,8,6,10,4,8,5,2,2,11,8,11,7,4,4,6,9,10,7,5,5,10,5,3,5,9,5,12,7,7,2,8,9,6,11,12,13,8,11,2,9,2,1,2,2,5,10,11,7,11,5,8,12,8,10,4,10,10,9,13,9,10,4,9,7,5,3,12,9,9,9,1,12,5,6,8,7,12,9,9,36
1,ENSG00000275234.1,15,3,9,9,3,1,0,3,6,5,9,2,5,3,6,5,5,1,3,1,2,5,0,3,0,0,1,1,2,2,1,2,7,1,4,2,4,3,1,5,4,4,6,1,2,2,3,2,7,3,1,2,0,4,1,3,2,1,2,2,3,2,3,3,12,2,7,4,0,7,1,3,2,2,3,2,1,3,1,2,6,5,3,2,7,10,1,3,0,0,1,1,3,3,6,4,0,0,0,0,1,0,0,0,2,2,2,1,0,0,1,1,3,0,0,2,4,3,1,2,1,5,6,3,2,3,3,3,2,2,4,3,4,0,0,1,4,4,2,5,2,2,0,2,7,3,2,3,5,3,1,4,0,0,4,0,0,3,4,2,3,3,5,3,5,6,3,3,5,7,9,3,1,1,5,1,0,0,3,2,3,1,0,2,2,1,5,1,1,2,2,3,7,0,2,3,3,2,1,0,2,2,1,0,5,0,0,2,7,2,1,1,2,3,0,6,0,1,1,0,0,2,4,3,1,1,6,1,5,4,0,1,3,4,7,3,1,3,0,4,3,3,1,1,4,3,0,2,4,3,4,2,2,2,5,9
1,ENSG00000224738.1,4,7,6,3,3,7,1,5,6,4,8,4,0,5,1,3,1,5,3,3,6,8,2,6,1,5,6,1,2,5,7,8,9,5,6,7,6,7,7,7,9,9,7,10,2,2,3,7,1,2,0,1,4,5,3,5,1,1,6,1,2,8,5,4,6,3,2,0,6,9,4,7,10,14,11,3,1,8,4,7,5,13,11,6,13,5,6,4,2,10,6,3,7,4,10,3,3,1,6,2,10,16,11,3,5,10,4,3,3,0,5,4,4,5,2,4,7,6,2,7,9,7,10,5,1,5,8,6,7,5,11,3,1,3,5,7,10,7,14,4,2,2,3,4,3,3,16,4,10,9,10,10,7,20,7,6,3,6,8,3,6,7,14,1,6,10,14,8,7,10,8,3,2,3,14,6,4,1,3,3,2,1,1,4,7,4,14,4,3,7,4,3,3,1,3,3,2,3,3,3,1,2,2,3,1,2,1,5,2,4,8,7,6,6,3,4,2,5,3,2,3,7,6,6,8,3,9,1,4,6,8,2,7,9,9,9,4,3,7,0,1,3,3,1,9,7,6,6,4,8,4,4,2,8,3,3
1,ENSG00000273893.1,2,4,1,4,2,2,0,5,8,0,4,0,3,4,3,4,2,2,2,3,5,4,0,5,0,1,0,2,1,1,5,3,3,2,7,4,3,3,1,2,3,3,3,2,2,3,0,2,6,0,2,2,1,4,0,2,3,4,3,5,7,2,4,7,1,1,3,2,3,7,3,2,3,2,3,3,3,2,6,2,3,7,4,6,8,8,2,6,0,1,0,2,3,7,5,7,1,1,0,1,0,2,0,0,0,1,0,0,1,0,3,0,3,2,2,0,3,3,1,3,6,5,2,4,4,2,3,5,3,1,3,4,1,4,0,3,3,4,3,2,2,1,5,6,1,2,3,2,3,9,1,5,2,0,0,0,2,0,3,2,3,2,2,3,2,3,1,2,1,3,2,3,0,2,2,4,1,0,1,3,2,2,1,2,1,5,4,3,1,3,2,3,5,3,5,4,3,1,0,0,2,3,1,2,2,0,1,8,1,4,2,2,4,3,0,6,1,0,1,0,1,2,4,2,4,2,3,6,3,10,0,3,6,1,4,3,2,2,8,3,7,2,3,6,3,4,0,2,5,2,5,3,7,2,6,8
1,ENSG00000243926.2,11,2,8,6,2,1,0,5,7,6,3,5,7,7,4,5,5,2,3,3,2,3,0,2,0,0,0,0,3,5,6,4,4,6,3,4,3,5,1,2,4,3,4,3,2,2,2,6,3,1,1,6,3,4,0,4,4,2,6,5,3,2,5,5,6,2,8,5,3,4,0,2,4,4,2,3,3,3,4,3,8,4,3,3,6,2,0,2,0,0,0,0,1,7,2,4,1,0,0,0,0,0,0,0,0,0,0,0,0,1,0,0,3,2,4,0,9,5,1,4,2,5,6,1,6,3,3,4,7,3,4,4,6,1,0,5,2,0,4,2,0,0,6,3,4,1,3,1,3,2,0,5,0,0,0,1,3,2,3,4,5,3,4,4,3,3,0,4,5,1,3,2,2,1,2,1,2,0,1,1,3,1,0,1,3,1,3,3,3,2,2,3,4,1,1,8,2,1,0,6,4,1,5,2,1,1,3,4,4,2,4,6,7,3,0,5,1,0,0,0,2,5,3,4,8,3,1,1,3,2,0,5,7,6,4,1,0,1,6,3,6,6,6,2,1,5,0,5,4,2,3,1,8,4,0,4
1,ENSG00000283103.3,16,9,15,16,28,4,0,4,14,15,17,11,24,6,8,17,12,16,18,25,16,12,6,9,3,4,6,4,6,5,14,6,10,17,17,15,22,13,7,10,13,15,21,12,12,10,23,20,25,13,13,23,7,15,2,8,21,10,18,13,15,11,19,10,6,7,20,14,15,13,11,8,22,16,20,24,19,10,23,19,15,18,30,19,19,15,4,19,2,6,8,4,9,17,23,18,4,2,4,2,3,6,2,7,5,5,7,9,5,5,3,5,6,5,9,10,11,21,5,18,15,17,19,19,4,11,14,16,14,8,12,7,19,13,5,11,14,11,17,17,13,6,14,12,12,6,19,14,22,13,3,20,7,5,7,3,6,16,14,9,11,13,23,9,13,18,9,14,20,18,23,10,7,15,14,13,18,7,6,6,15,13,5,14,18,9,18,14,11,11,14,23,20,12,10,18,9,13,1,8,8,10,7,13,18,10,17,7,8,7,15,13,25,17,7,19,0,3,5,7,9,17,19,12,16,16,15,19,13,21,4,14,18,16,20,19,13,17,19,21,11,6,10,13,10,19,3,17,12,16,18,24,10,16,23,27
1,ENSG00000237883.2,16,1,10,6,4,2,0,6,8,9,7,4,4,2,2,4,3,6,5,1,2,1,0,1,0,0,2,1,5,5,5,4,9,2,4,6,10,9,0,3,9,7,9,1,1,1,4,4,5,0,3,2,2,3,1,5,3,3,2,4,1,5,2,6,5,1,4,2,6,0,3,10,7,5,10,3,2,4,1,7,1,2,6,4,4,1,0,5,0,1,2,0,4,3,7,3,1,0,0,0,1,0,0,0,2,2,1,0,0,0,1,1,6,1,6,2,8,3,0,7,10,5,6,2,3,7,4,4,10,6,8,1,5,0,0,3,2,6,6,2,3,3,9,1,2,5,6,6,4,3,0,7,1,0,1,0,4,2,5,6,9,1,9,4,4,2,1,7,4,3,5,4,0,4,4,1,1,1,0,0,4,2,0,4,2,4,4,2,1,1,2,3,3,4,6,3,0,2,0,0,3,2,3,1,1,2,0,2,6,6,8,3,3,5,3,4,0,0,0,1,2,8,6,5,6,5,3,6,4,3,1,7,8,2,1,4,1,5,3,1,4,0,0,1,9,7,0,5,5,3,3,2,0,8,5,3
1,ENSG00000250041.3,7,8,9,3,4,9,1,4,10,6,10,3,5,2,1,5,4,13,4,10,7,6,0,10,0,1,3,1,6,11,0,5,5,5,5,10,5,6,3,5,10,8,7,3,2,4,3,1,3,4,4,4,4,4,1,5,5,6,4,7,7,4,5,15,7,5,3,4,18,6,2,9,8,9,7,2,6,5,9,7,7,5,6,7,8,5,1,14,1,0,2,0,8,6,13,9,3,0,0,1,1,1,0,0,1,0,3,1,0,2,0,1,7,5,3,7,16,4,1,10,6,8,9,6,4,7,3,14,6,3,13,2,2,5,2,7,4,3,6,2,2,3,7,7,2,3,6,3,7,8,0,5,1,1,0,1,4,5,7,7,10,7,4,4,2,6,0,7,10,2,6,2,1,3,4,4,2,0,0,3,6,5,0,4,5,5,0,1,4,8,0,2,7,2,4,4,7,3,0,2,2,1,5,3,2,4,5,12,6,14,10,7,3,9,2,7,2,0,0,1,4,9,9,7,6,4,6,4,6,7,0,11,4,5,4,6,2,6,4,8,6,3,4,9,11,8,1,10,4,5,6,6,7,11,13,8
1,ENSG00000203711.14,8,4,2,10,6,2,5,4,10,2,5,7,3,3,4,5,5,4,7,2,4,3,4,3,1,4,4,2,2,6,3,3,9,3,4,7,9,4,3,4,10,5,5,7,3,6,9,6,6,0,2,2,2,3,3,4,5,2,0,1,2,2,2,2,4,4,5,1,4,5,1,6,8,9,9,9,3,5,1,0,4,3,11,2,3,7,4,5,2,3,5,4,5,5,8,5,1,2,3,1,5,2,6,3,5,5,4,3,0,7,5,3,4,3,2,1,6,7,3,8,7,11,8,4,3,8,4,6,4,7,11,3,4,3,5,1,5,3,12,6,3,3,1,3,3,6,11,3,2,3,2,8,2,6,6,4,0,9,9,4,8,6,8,1,5,3,8,8,6,7,10,3,2,2,12,6,2,4,1,1,3,6,5,6,7,4,11,10,4,7,6,4,8,2,6,1,4,4,0,3,0,6,0,2,1,1,2,0,2,3,6,2,11,6,4,7,2,3,2,5,3,4,10,9,7,2,11,1,4,6,1,7,2,7,7,9,3,5,6,6,5,4,3,0,2,12,1,8,2,1,6,5,3,6,2,3
1,ENSG00000225778.5,12,20,24,12,16,11,5,13,26,13,14,14,12,9,15,3,17,17,21,19,17,13,6,15,5,5,9,6,6,13,12,14,15,21,18,11,19,27,4,15,26,19,10,7,5,9,13,12,13,7,7,5,9,10,2,10,16,9,13,11,8,6,6,14,21,11,20,7,23,19,9,18,12,25,29,13,9,17,19,14,18,25,23,20,20,13,9,28,5,5,10,8,5,31,35,20,4,4,2,2,5,10,3,3,5,12,10,5,1,7,8,2,4,6,8,6,16,30,6,21,21,33,27,15,7,27,14,15,23,8,16,9,18,11,8,12,19,21,13,8,4,3,9,10,10,13,21,8,29,20,8,25,2,6,8,2,8,14,26,14,18,9,26,7,11,19,6,22,17,13,6,8,6,10,10,8,6,8,3,5,14,11,1,13,10,13,9,10,8,7,12,8,12,6,7,11,17,10,3,2,8,6,6,3,7,2,6,7,14,14,14,12,20,24,5,23,0,5,5,2,5,15,23,15,19,15,15,6,17,26,5,22,12,14,18,14,10,13,11,13,13,11,5,6,16,21,3,14,8,15,9,11,12,14,11,24
1,ENSG00000260920.2,31,13,11,23,13,5,2,13,12,8,6,11,17,7,16,20,10,6,15,13,7,5,3,14,2,2,1,3,10,11,13,15,20,12,14,18,8,11,0,10,6,3,7,6,15,6,12,7,17,17,11,24,10,10,2,9,12,13,9,17,25,7,13,27,7,5,11,11,9,7,3,11,20,10,5,16,16,5,8,14,7,8,19,15,15,10,1,13,1,0,1,3,13,7,12,21,1,0,3,1,1,0,0,1,2,0,0,1,0,2,3,3,6,10,10,16,11,16,0,13,10,8,9,17,15,11,4,27,16,7,9,13,10,4,0,10,16,5,6,4,13,4,9,8,6,2,9,5,14,7,1,12,1,0,0,1,5,6,12,8,8,4,7,3,5,9,1,8,6,7,3,0,2,3,3,7,10,5,3,15,5,4,0,11,8,5,6,11,6,7,9,18,24,8,6,13,13,13,3,15,16,6,5,9,23,15,18,29,11,14,8,10,13,17,0,14,1,0,1,1,14,16,7,13,16,8,7,12,8,14,1,12,8,13,6,8,16,9,12,23,18,12,12,30,17,14,1,17,13,9,11,15,26,24,22,33
1,ENSG00000271978.1,28,19,19,26,23,5,2,20,25,18,15,17,24,9,9,21,24,13,24,17,7,9,5,11,2,3,5,2,9,13,25,14,22,19,27,16,27,14,2,6,32,17,21,8,11,12,21,14,15,9,10,18,10,9,2,14,19,8,14,14,17,17,12,27,19,7,20,11,21,14,3,15,20,17,26,14,10,11,18,20,10,13,14,13,11,8,5,12,2,4,9,3,11,17,14,15,2,1,3,1,2,5,0,4,5,3,13,1,1,1,4,1,12,6,12,5,21,13,2,16,12,20,27,21,10,14,16,14,20,16,28,11,22,7,5,14,29,8,32,14,7,8,18,12,11,14,20,12,17,5,4,16,2,3,6,2,5,9,21,10,25,19,31,14,13,10,9,19,31,14,27,11,5,8,15,4,9,6,7,13,11,6,0,11,23,8,19,10,5,4,10,12,25,8,8,15,12,6,2,12,10,6,5,13,11,7,10,20,12,13,19,17,15,14,4,18,1,1,2,0,10,13,20,15,26,9,22,14,15,13,2,16,21,17,22,12,18,7,20,12,20,11,5,12,19,23,0,17,17,10,12,12,16,24,13,30
1,ENSG00000248925.1,1,2,1,5,0,1,0,1,1,2,2,2,1,2,3,4,2,0,4,0,1,1,0,5,0,1,1,1,1,2,0,2,2,1,4,3,2,2,1,3,4,2,2,0,0,0,4,5,1,1,1,2,2,3,0,3,1,0,2,4,1,6,0,4,4,0,4,0,2,2,1,2,4,3,3,4,1,1,1,4,3,1,3,3,2,1,1,1,0,2,1,0,1,2,6,2,0,1,0,0,2,2,2,2,1,1,2,0,0,0,1,0,1,3,0,2,3,1,0,5,4,1,4,5,1,1,3,6,3,0,2,3,1,2,2,2,4,3,3,1,1,2,3,1,1,4,1,2,3,1,1,3,1,5,2,0,2,0,1,3,3,5,4,1,4,2,3,1,2,3,2,2,0,2,0,2,0,0,0,1,0,3,0,5,2,1,6,2,1,1,3,4,1,0,0,2,3,2,0,0,1,0,0,2,2,3,0,2,2,2,6,2,4,2,1,2,0,0,0,0,2,5,7,4,3,0,3,3,0,2,1,0,6,4,3,2,1,6,6,2,1,1,2,2,7,2,0,5,2,1,3,4,3,7,4,14
1,ENSG00000251442.6,55,21,30,20,23,7,4,10,20,9,23,20,10,5,15,30,23,11,14,18,16,4,1,10,1,3,1,7,7,8,7,21,19,7,19,12,20,15,1,14,20,12,7,19,9,13,15,10,14,9,7,11,15,4,0,11,15,7,14,14,20,15,10,27,25,9,13,15,12,8,5,18,18,15,15,15,12,11,19,15,16,10,17,11,8,2,0,11,1,1,1,0,10,12,16,14,2,0,0,1,2,0,0,2,3,1,0,0,2,1,2,4,11,10,3,6,14,17,2,15,6,15,17,22,15,17,15,25,21,7,19,11,10,5,1,11,12,18,15,8,11,6,9,10,13,9,14,14,14,6,0,13,0,0,1,0,4,7,20,8,19,7,12,17,14,9,0,9,17,9,4,3,3,7,17,13,11,3,3,8,9,6,1,15,19,5,18,7,12,13,10,16,25,7,10,14,21,11,2,4,7,8,5,4,8,8,7,17,10,13,18,14,16,9,2,18,1,0,1,2,9,21,17,29,18,13,22,6,14,9,0,14,15,10,22,18,11,10,14,24,21,16,11,15,17,18,1,35,19,10,16,16,16,26,26,37
1,ENSG00000171889.5,12,11,11,18,7,5,2,12,16,5,13,10,12,11,13,12,10,6,9,10,11,8,2,14,2,2,0,5,4,10,8,11,19,8,16,12,11,9,2,11,21,13,11,19,8,6,7,12,6,4,8,16,15,12,0,13,11,15,12,6,9,17,7,20,11,4,9,13,14,10,3,11,11,10,23,14,8,9,9,16,11,14,21,9,10,8,5,16,1,6,6,2,15,21,20,16,3,2,1,1,3,8,5,4,1,8,6,2,1,3,4,2,6,7,11,11,13,22,3,14,12,19,20,14,7,22,11,26,16,6,20,8,7,13,3,5,12,12,18,5,5,9,12,8,3,7,12,9,13,10,6,14,4,10,9,2,4,7,18,17,15,8,18,8,3,17,12,10,11,13,19,9,4,12,13,17,5,2,5,6,7,11,0,10,13,7,9,13,9,15,13,14,13,5,4,9,7,7,1,5,16,6,9,4,9,11,10,17,13,11,16,14,21,13,2,28,0,2,2,1,12,14,19,22,13,11,12,13,14,9,6,21,16,8,16,16,5,7,18,20,14,7,11,14,19,19,2,30,13,9,15,17,21,16,23,43
1,ENSG00000241764.4,58,18,25,28,16,11,5,11,23,12,29,20,24,8,20,28,15,10,9,8,13,6,1,24,4,3,6,1,4,8,19,15,25,5,33,18,15,14,7,24,22,12,15,15,20,8,19,23,24,6,16,35,17,9,0,13,15,13,18,18,25,13,16,39,14,5,20,14,10,11,1,10,15,18,10,23,11,9,9,18,12,8,18,9,9,7,2,10,1,0,4,1,21,16,12,25,4,3,2,4,2,1,1,3,10,1,3,2,0,0,2,3,17,9,9,16,11,17,4,10,15,12,9,20,18,10,22,32,26,7,18,21,6,10,4,8,23,20,18,11,15,8,15,17,10,6,16,13,12,4,2,19,6,4,5,1,14,8,14,24,18,11,22,13,17,7,4,8,16,13,11,8,9,5,12,15,15,9,9,17,5,8,1,9,17,14,12,8,15,12,16,22,31,13,21,17,10,12,4,17,20,10,7,16,31,14,20,31,16,8,23,17,13,11,1,21,2,0,1,2,12,10,11,18,25,9,15,20,11,15,4,24,16,10,19,16,21,10,18,24,26,19,19,28,31,12,0,19,22,15,22,27,34,27,32,61
1,ENSG00000282012.1,5,5,4,4,3,3,1,4,4,4,1,4,1,2,3,1,5,2,1,2,1,6,1,4,0,1,1,1,1,4,6,3,5,0,2,2,5,9,0,0,1,2,3,4,1,1,3,0,2,1,0,0,1,4,1,1,5,2,3,1,2,1,0,2,8,1,4,1,4,6,1,3,3,5,5,0,0,4,2,3,5,5,8,2,11,9,2,5,2,1,1,1,4,1,6,9,0,0,3,0,1,2,0,0,1,2,0,0,1,1,1,0,0,2,1,2,6,2,1,3,7,3,4,2,3,0,6,5,4,2,5,1,2,0,0,6,2,4,4,0,0,0,5,1,2,4,2,4,7,10,2,4,0,0,0,1,0,4,2,1,2,2,1,0,2,7,1,5,3,4,2,1,0,1,4,2,2,0,0,1,1,1,0,2,6,2,1,1,1,0,2,0,2,3,0,1,1,3,1,1,0,1,0,1,2,1,1,0,2,3,2,1,1,2,0,7,1,1,1,0,0,3,2,1,5,6,4,4,4,5,0,2,0,7,4,2,1,1,2,1,2,3,1,1,0,3,1,0,1,4,5,1,1,3,3,3
1,ENSG00000259456.4,9,5,8,8,8,5,0,10,4,3,11,5,8,2,9,4,8,2,6,4,4,1,1,4,0,1,2,0,5,7,6,4,6,3,7,4,11,4,4,5,7,5,6,6,2,1,4,1,9,2,2,5,2,0,0,6,7,4,7,4,7,8,3,10,8,1,6,3,6,1,1,4,11,8,4,0,2,2,7,6,6,3,2,2,3,1,1,5,3,0,0,0,3,5,5,4,1,0,3,0,3,1,1,0,2,6,2,2,0,2,0,0,5,3,5,3,6,6,1,2,3,2,6,6,7,2,3,6,7,9,5,4,3,3,1,4,3,7,7,1,2,1,3,5,2,1,9,10,3,1,1,5,0,4,9,1,3,1,1,5,11,5,5,2,6,2,9,3,6,5,2,1,2,5,3,4,1,0,2,8,2,2,2,3,5,0,3,3,4,1,1,6,6,8,4,8,3,1,1,4,2,6,2,2,6,3,3,13,2,6,6,1,3,7,0,3,1,0,1,1,5,2,5,5,7,3,3,5,2,3,0,2,8,3,4,5,7,1,4,7,12,4,3,9,5,5,0,6,3,1,4,6,10,5,7,13
1,ENSG00000175061.18,29,18,23,26,19,12,5,8,25,18,38,16,10,13,22,13,17,17,24,12,16,12,4,10,2,2,7,5,9,11,15,9,38,16,35,15,21,19,1,19,36,18,32,14,9,7,20,13,9,4,4,8,17,10,4,10,19,17,12,14,7,11,8,20,18,9,23,5,24,11,3,20,36,26,29,13,6,15,14,11,13,22,30,5,19,26,6,19,3,2,11,2,5,14,23,14,2,4,4,1,5,1,0,3,7,7,6,3,2,0,10,3,12,4,7,3,19,16,1,11,16,16,29,14,10,15,9,9,30,15,34,14,20,15,4,12,37,13,24,16,3,6,19,9,16,13,26,11,21,18,6,14,4,5,2,2,4,9,24,14,32,21,28,14,24,20,6,9,31,13,29,18,9,5,21,15,8,4,4,10,8,5,1,6,18,17,24,7,13,5,9,17,19,2,17,13,7,4,4,4,6,3,9,4,6,7,7,13,9,7,24,18,14,14,2,13,2,0,3,6,8,13,13,6,21,10,23,7,16,19,6,20,21,21,24,15,6,8,15,13,22,7,7,12,14,11,5,13,8,11,16,7,18,12,16,15
1,ENSG00000278231.1,0,3,2,0,2,3,0,2,6,1,1,1,2,1,2,1,4,0,1,1,0,3,0,3,1,1,1,0,0,3,1,3,5,4,3,1,2,1,0,1,1,1,1,1,0,1,1,0,2,2,0,1,3,2,0,1,1,0,2,0,0,3,0,2,2,3,0,2,1,1,1,2,2,0,3,1,0,3,0,1,0,3,1,0,1,1,0,4,0,0,0,0,3,0,5,5,1,0,1,0,0,0,1,0,0,1,0,0,0,0,0,1,0,3,0,0,1,2,0,1,1,1,7,4,1,3,2,6,2,0,5,3,2,1,1,1,5,2,0,0,1,0,0,1,1,1,1,1,3,1,0,2,1,0,0,0,0,0,2,2,1,1,2,1,2,4,0,2,1,5,3,2,2,1,3,1,0,0,1,2,2,1,1,1,0,0,2,3,0,1,3,1,1,1,2,1,1,1,1,2,0,1,0,0,2,2,1,2,2,1,3,2,0,1,0,4,0,0,0,1,1,1,5,2,2,0,1,0,0,1,0,1,3,1,7,4,1,3,1,3,3,0,0,4,2,0,0,6,1,1,4,1,6,1,2,2
1,ENSG00000278390.5,11,6,10,13,11,9,1,14,13,6,7,6,13,7,9,11,11,35,20,5,11,1,1,10,2,2,0,0,6,9,17,8,11,16,15,10,5,6,1,13,5,11,2,7,7,3,12,8,7,6,4,10,8,7,1,5,9,3,4,9,10,11,8,16,9,11,9,8,35,7,2,10,25,7,10,6,4,5,4,9,7,10,12,6,8,4,2,1,1,0,2,1,5,10,7,11,2,1,2,1,1,2,0,1,1,1,1,0,0,0,4,2,9,7,4,3,10,11,3,8,12,12,20,5,6,7,8,12,14,9,8,11,17,5,1,8,10,6,5,10,4,3,6,13,9,3,6,4,9,3,1,10,0,1,0,2,6,5,18,5,13,3,9,6,3,6,2,9,5,0,1,3,2,3,6,8,5,0,4,3,2,1,1,4,10,8,7,13,7,12,5,20,6,9,5,8,8,2,0,8,4,6,3,8,6,5,6,12,10,6,10,7,7,7,0,12,3,1,1,3,6,8,7,9,16,11,5,10,13,9,0,11,20,8,5,9,3,2,16,26,7,5,9,13,13,7,3,13,11,10,11,20,11,6,31,48
1,ENSG00000182165.18,40,24,27,36,19,16,0,25,19,13,23,15,27,20,18,21,16,12,20,15,14,19,0,9,1,1,0,0,7,11,6,20,24,10,17,7,11,13,1,22,27,13,14,16,11,5,13,16,29,4,5,17,17,9,2,11,15,15,15,13,14,19,12,25,34,8,12,10,17,12,2,5,15,17,27,14,10,5,18,14,19,9,20,8,22,20,4,16,2,4,3,1,14,13,14,15,3,1,2,1,1,4,2,3,2,2,4,1,0,2,1,0,20,7,9,8,17,6,2,22,15,12,14,14,17,16,24,28,19,10,15,16,12,9,0,9,17,12,12,12,5,4,11,10,13,6,15,7,10,14,5,12,3,3,5,1,11,9,17,21,22,10,17,10,12,12,6,15,16,15,5,8,11,5,8,12,14,10,4,8,9,5,0,11,8,7,11,3,10,8,4,24,34,18,16,24,15,5,0,5,7,5,8,4,13,10,11,25,16,9,18,17,10,9,1,19,1,2,1,1,12,14,18,29,11,9,17,12,17,12,3,18,14,15,20,11,14,13,7,18,29,4,6,26,17,19,1,29,11,16,20,22,24,23,29,38
1,ENSG00000214719.13,21,5,9,10,2,5,2,3,8,12,11,5,5,9,12,12,3,2,7,9,3,9,1,15,0,2,2,9,3,10,10,14,11,6,9,7,12,24,8,15,14,16,16,8,11,14,15,10,6,4,9,14,9,21,2,13,4,10,7,22,12,11,19,26,5,3,6,5,10,12,5,15,12,26,21,18,10,15,17,22,7,18,26,22,26,16,12,22,1,4,4,9,12,21,45,25,2,0,2,1,3,4,3,5,1,2,8,1,4,8,17,3,3,8,8,7,9,36,7,20,12,35,33,32,15,22,20,22,10,3,16,8,3,6,1,6,8,9,17,14,6,6,4,14,5,10,29,7,22,25,2,31,4,6,2,8,3,14,21,17,13,3,21,10,11,16,6,15,15,13,13,13,4,12,13,8,8,8,9,13,19,17,1,32,14,24,12,27,10,5,10,22,9,1,5,15,6,6,5,13,5,12,5,13,12,15,10,20,4,12,15,25,22,26,3,35,0,3,4,6,8,27,36,23,11,7,16,12,25,36,3,20,17,17,17,15,19,35,32,26,13,10,9,23,19,12,3,29,16,15,14,31,18,25,27,49
1,ENSG00000245281.8,23,13,23,22,16,5,1,10,12,20,10,13,12,10,21,13,15,10,13,11,12,20,3,12,1,2,1,3,6,17,12,15,20,6,20,16,24,14,4,24,15,15,6,8,13,9,15,10,15,8,8,18,7,14,2,16,15,13,9,17,16,9,8,17,22,7,9,11,13,21,2,18,22,22,13,13,10,12,13,7,13,20,19,13,27,15,6,14,4,7,3,2,16,19,22,11,5,0,3,3,2,6,7,3,6,5,4,4,4,2,2,1,14,8,7,7,18,24,9,12,15,18,16,11,13,10,14,27,19,5,11,14,12,8,3,11,20,12,16,12,11,7,15,10,9,8,22,13,11,12,4,19,4,6,8,3,6,10,14,16,9,17,14,11,11,10,8,7,14,3,7,10,6,4,11,5,6,5,13,6,11,4,1,11,13,9,9,5,6,5,12,15,17,7,12,9,8,13,1,11,8,12,5,9,16,10,5,20,12,16,16,6,15,15,3,23,2,3,7,1,8,17,12,22,15,11,23,13,15,16,2,12,16,12,17,4,7,12,8,22,10,12,6,20,14,14,1,20,19,5,15,16,13,25,21,59
1,ENSG00000228223.3,95,26,35,52,25,13,11,19,32,16,30,34,33,13,34,38,26,21,17,43,17,7,2,16,6,6,8,7,18,13,23,27,39,24,41,29,20,13,10,19,32,32,27,29,33,25,32,23,24,25,22,49,13,8,4,27,26,22,29,45,26,24,31,56,28,12,14,13,26,8,5,24,27,13,24,22,22,17,19,49,12,17,21,23,14,14,11,12,5,9,14,5,18,13,24,16,9,5,8,4,4,12,7,5,10,14,16,7,3,3,8,8,16,12,33,26,13,16,6,23,19,15,23,35,18,15,22,35,40,9,49,26,27,11,9,16,27,21,48,17,19,7,30,9,9,9,29,23,24,18,15,23,8,10,18,8,16,15,20,17,44,19,42,7,17,30,23,16,37,20,15,14,9,14,28,24,24,12,26,35,15,22,6,26,22,22,26,39,32,19,29,35,46,21,14,27,29,10,2,22,47,12,18,40,46,15,39,41,20,16,19,18,18,12,5,20,7,3,7,2,35,17,25,30,32,15,22,25,29,25,4,28,33,20,28,25,52,27,41,60,44,14,36,31,32,9,3,31,27,26,28,61,49,17,60,77
1,ENSG00000205861.12,2,4,8,3,2,2,1,3,7,5,4,0,3,1,3,1,2,6,3,4,6,5,3,3,2,1,0,3,3,3,2,3,5,5,9,4,7,4,1,4,5,5,2,1,1,2,3,3,1,0,3,0,4,2,1,6,1,3,4,3,0,6,0,4,5,1,4,3,9,8,4,5,7,4,3,7,0,6,4,2,4,7,8,4,7,10,7,12,3,1,4,3,1,8,8,12,1,1,2,3,1,2,0,0,3,1,0,1,1,1,3,1,2,0,1,1,10,8,2,7,3,6,7,1,3,4,7,8,5,3,3,1,4,7,1,2,7,7,4,1,1,5,4,2,4,4,5,1,6,14,0,5,0,1,0,0,0,5,2,4,1,6,5,3,2,12,0,3,3,8,5,2,2,2,2,0,3,0,1,1,1,2,0,2,5,1,4,1,0,1,2,3,5,0,1,1,0,0,0,1,2,0,2,1,0,1,0,4,3,9,5,3,4,7,1,9,2,0,1,0,0,11,5,3,5,2,3,3,4,7,0,4,4,3,11,2,1,0,3,2,1,1,0,3,5,9,0,4,4,5,5,1,2,7,6,11
1,ENSG00000267147.2,2,2,2,2,3,3,0,5,7,4,4,3,3,2,1,0,4,1,4,3,5,8,0,1,0,0,0,0,0,1,8,5,6,3,2,3,7,8,0,3,7,14,4,1,1,1,1,5,1,2,1,3,2,7,3,1,2,2,4,1,0,3,0,1,3,5,7,2,2,5,0,7,4,6,12,3,2,8,3,1,6,6,12,6,11,8,3,9,0,2,3,0,1,6,12,3,0,0,1,0,1,1,0,3,2,2,1,0,0,0,2,0,2,0,0,0,3,6,1,1,9,7,9,5,1,1,6,6,3,2,7,1,5,4,0,2,3,7,10,2,0,2,4,3,5,5,4,3,10,6,1,6,0,2,1,0,1,4,7,5,4,3,10,4,6,7,2,8,6,4,3,0,0,1,1,3,1,1,0,0,2,2,0,1,5,1,2,0,1,4,2,3,0,2,2,1,2,2,0,0,0,1,0,0,2,1,1,0,2,2,5,2,4,9,0,6,1,1,1,2,0,0,3,1,3,5,9,2,3,7,1,3,6,3,5,4,1,3,4,2,2,1,0,1,4,4,1,1,3,4,3,4,2,2,6,1
1,ENSG00000237773.7,45,18,16,31,16,7,2,17,10,5,5,17,14,10,12,35,12,6,11,16,13,2,1,10,3,2,1,2,11,8,13,22,16,6,4,8,11,5,1,10,9,7,4,9,12,6,13,13,24,13,4,31,13,8,5,10,12,9,7,21,24,18,23,51,17,6,8,8,7,7,1,18,10,10,8,11,19,10,8,29,12,9,10,15,9,2,0,7,0,1,1,0,6,4,11,8,2,2,0,3,4,1,0,3,0,0,2,3,1,1,1,2,9,8,6,16,9,5,2,9,9,6,6,19,12,12,10,30,22,7,7,10,6,2,2,4,8,4,7,8,14,3,8,10,6,6,8,9,10,1,1,4,0,2,1,0,9,5,8,12,8,2,8,9,6,5,2,8,7,2,4,6,4,6,10,9,10,9,8,16,6,9,1,12,14,5,13,12,12,9,12,16,27,11,6,22,16,10,3,15,5,8,9,8,25,13,21,42,9,12,10,26,14,13,0,8,4,3,2,3,13,8,8,22,20,4,15,15,8,5,0,13,11,12,9,11,26,15,20,25,23,14,12,38,29,13,4,20,19,6,17,34,39,27,31,74
1,ENSG00000237976.1,4,3,3,4,4,5,0,5,4,3,0,3,4,3,5,1,5,3,4,2,2,4,0,4,0,0,2,1,2,4,1,4,4,3,3,1,2,0,2,4,2,1,1,0,1,3,2,5,4,2,1,0,3,1,0,3,2,5,7,0,1,1,0,3,4,5,1,5,5,2,2,2,5,2,2,3,1,4,3,2,3,3,1,4,6,5,3,4,0,0,4,1,3,7,3,2,0,0,0,0,1,1,0,1,2,1,4,3,0,1,2,0,2,3,1,1,5,5,1,5,1,6,4,2,2,3,3,5,2,4,5,3,2,1,0,1,1,2,1,2,1,0,6,1,5,2,4,2,1,1,1,3,0,1,3,1,1,3,4,1,6,1,3,2,2,1,2,1,1,4,8,6,2,2,4,2,1,2,2,1,1,2,2,1,3,2,2,2,0,2,3,3,4,2,1,1,4,2,1,3,1,1,1,3,1,0,0,1,2,3,3,2,2,7,1,4,0,2,1,0,1,2,5,6,4,0,0,5,8,4,1,3,7,0,6,1,3,0,1,1,1,3,2,0,1,6,0,5,3,3,1,1,3,6,2,8
1,ENSG00000236546.1,3,6,4,1,5,4,1,2,4,4,6,2,2,2,3,2,5,7,2,4,5,3,2,8,0,2,1,0,2,0,4,1,9,5,8,4,3,4,1,7,6,2,3,6,0,2,0,1,2,1,3,2,4,2,1,1,1,2,5,2,2,3,2,5,5,1,2,3,8,6,1,1,8,7,6,0,5,2,2,8,2,4,7,5,5,4,0,6,2,0,1,2,2,9,8,4,2,1,1,0,3,2,0,1,0,3,1,0,0,0,1,1,1,4,1,0,3,9,3,10,3,6,8,4,2,11,5,4,6,2,10,2,3,6,0,3,11,3,3,0,1,3,4,1,2,2,8,3,0,5,0,5,2,0,0,0,0,4,5,9,7,4,6,3,4,2,1,4,5,4,5,1,1,4,2,2,1,1,0,0,2,3,2,4,2,2,2,1,2,1,2,0,1,3,0,3,2,2,1,1,3,1,2,1,0,1,1,1,2,3,4,5,8,3,3,4,0,4,2,0,2,12,4,8,2,2,2,2,5,2,0,6,9,2,6,2,1,5,4,1,3,0,3,1,5,4,0,10,2,3,4,4,1,4,4,1
1,ENSG00000233554.6,42,17,17,25,20,9,2,24,17,11,18,12,18,10,17,26,16,28,23,11,19,8,3,13,2,4,1,2,19,16,15,20,16,13,17,12,19,25,3,14,25,21,11,13,12,13,12,18,17,7,9,16,18,12,1,16,13,12,16,23,18,21,19,35,19,22,14,15,30,14,2,18,14,21,26,20,10,18,19,26,20,14,29,26,19,9,4,19,7,3,1,4,12,22,23,28,2,4,4,3,2,3,1,6,1,4,3,1,0,4,3,2,17,6,12,25,14,28,2,29,18,23,21,22,19,35,18,29,18,4,10,18,13,13,0,20,16,17,16,11,6,7,11,21,15,8,16,15,20,17,4,19,1,1,6,2,19,14,14,16,17,17,15,12,16,11,5,27,13,9,9,9,5,8,14,9,9,5,10,8,9,9,2,19,14,6,17,8,10,16,14,13,23,12,17,13,15,7,5,8,11,12,10,12,15,12,17,20,19,14,13,21,31,17,4,34,3,4,1,1,10,21,32,37,15,12,24,18,17,21,1,16,21,25,17,13,15,14,16,24,22,17,14,15,26,37,4,36,24,14,22,16,21,31,25,61
1,ENSG00000253982.2,31,17,2,22,16,15,2,17,12,5,1,3,10,9,4,17,9,4,11,9,10,9,4,14,1,3,3,4,7,16,11,7,14,6,10,9,8,20,1,11,15,17,7,5,4,4,7,9,13,4,3,1,7,9,4,12,5,5,7,4,14,6,11,6,12,13,10,1,5,8,4,11,10,16,14,12,1,12,10,5,9,6,17,8,8,11,10,11,7,7,9,2,8,8,23,14,2,1,4,4,5,6,4,4,7,6,6,3,0,1,2,5,9,7,5,3,13,17,3,12,22,10,18,14,6,3,16,10,13,11,7,8,6,11,3,6,13,12,20,6,7,9,3,10,9,12,16,3,12,8,7,19,1,6,7,1,4,12,13,6,5,12,22,8,14,14,6,11,14,11,9,6,2,2,11,6,7,3,5,1,2,3,2,7,6,4,13,8,2,6,5,13,16,9,2,9,6,3,2,7,4,7,9,3,3,2,4,5,9,6,9,8,10,12,4,9,2,3,3,1,5,9,17,8,18,7,15,8,13,6,3,9,11,11,18,7,10,7,11,6,7,4,10,9,10,6,0,8,15,12,9,8,8,9,12,12
1,ENSG00000230438.7,32,18,18,16,47,10,3,10,24,7,16,11,9,7,12,6,24,30,38,26,12,11,22,14,0,10,3,6,5,13,31,24,26,15,51,14,32,15,5,14,15,18,16,19,4,18,13,7,7,32,4,18,10,10,3,4,10,21,11,15,6,7,5,8,24,11,16,5,23,36,13,37,47,41,22,9,27,6,31,10,10,10,23,10,16,12,4,18,5,14,2,12,2,20,25,14,1,2,5,2,15,2,1,11,6,3,5,6,1,7,18,3,3,6,1,5,19,19,3,15,12,26,22,38,5,38,13,14,18,38,18,9,11,8,2,16,32,14,26,20,12,8,8,4,9,50,18,6,10,7,5,15,2,3,9,9,4,8,22,28,18,9,19,11,13,10,9,10,18,6,4,17,2,23,24,11,7,7,4,2,38,11,2,14,41,16,23,33,4,10,4,10,10,3,6,4,37,5,1,10,3,3,4,2,13,6,6,6,13,19,40,32,15,20,2,14,3,2,6,2,4,15,20,4,38,11,17,5,23,10,8,27,18,15,20,18,13,17,59,7,6,8,3,6,37,11,5,10,8,5,15,10,8,8,16,8
1,ENSG00000178107.2,1,1,2,2,0,1,1,1,7,2,2,1,5,3,0,2,1,0,3,2,2,0,0,1,0,1,1,0,0,0,5,1,6,4,1,2,3,1,1,2,2,3,0,1,0,1,0,1,7,1,1,4,2,2,0,1,1,0,0,4,2,3,1,3,1,0,3,3,0,2,0,1,5,3,2,0,3,2,1,3,1,3,3,2,2,3,0,1,0,0,1,0,1,1,2,1,0,0,0,0,0,0,0,2,1,1,0,0,1,0,0,0,0,1,0,0,3,0,0,0,2,3,6,1,1,2,1,2,3,1,5,0,5,0,0,2,1,1,2,0,0,0,2,1,0,0,1,3,3,0,0,2,0,1,0,0,0,2,4,3,2,2,3,0,1,3,0,2,1,1,0,1,1,1,1,0,0,1,0,2,1,3,0,0,0,0,0,1,1,2,1,2,1,1,1,5,1,0,1,2,0,1,0,1,5,0,2,3,5,0,3,2,2,3,1,1,0,0,0,1,0,0,1,1,1,1,0,1,0,1,0,3,3,1,3,1,1,2,0,5,1,1,1,4,4,2,1,1,0,1,2,2,4,1,2,1
1,ENSG00000234171.3,69,17,22,24,17,19,6,17,19,17,18,14,24,15,13,17,14,13,24,23,14,22,5,23,5,7,4,4,10,15,17,19,31,17,27,21,22,28,5,18,26,28,20,23,8,10,24,13,19,9,12,12,19,15,4,12,19,11,26,20,17,17,19,24,21,14,12,10,22,26,10,22,28,19,32,14,6,15,34,28,12,28,22,19,26,21,16,22,6,8,14,5,8,34,42,14,2,4,14,4,11,8,6,2,7,9,17,5,1,5,8,7,11,9,10,10,25,31,7,15,27,24,28,25,11,13,19,16,21,21,22,17,17,12,4,11,35,24,38,14,10,12,21,16,13,24,31,14,17,21,11,28,5,8,14,8,9,11,28,13,20,9,33,20,23,20,20,21,28,27,26,28,12,14,29,19,10,8,10,9,14,11,4,12,26,18,28,19,9,15,19,23,21,7,12,18,18,7,0,11,14,13,9,13,12,8,8,16,18,15,16,27,24,21,1,25,8,4,6,4,13,18,17,13,29,14,37,14,26,21,4,20,21,20,46,17,16,12,30,27,18,10,17,13,18,14,7,22,22,18,22,21,21,16,26,36
1,ENSG00000282885.2,22,9,16,9,9,6,5,6,10,8,7,6,5,7,5,6,3,3,10,4,6,6,4,9,0,3,5,2,4,5,11,1,10,7,7,2,9,5,4,8,8,3,10,8,4,4,5,9,9,0,3,3,6,4,4,5,5,6,2,2,5,5,4,9,9,6,3,1,6,7,1,8,9,5,10,8,3,5,2,9,5,6,11,0,9,10,4,9,4,6,5,4,4,12,12,8,4,1,1,1,2,8,6,4,7,5,7,1,0,4,3,4,8,7,1,5,6,12,3,9,9,9,4,15,5,7,8,8,14,7,4,6,3,6,3,1,3,11,11,4,2,6,4,4,5,6,5,8,5,6,7,8,3,6,3,3,8,2,9,9,8,1,10,9,5,5,3,7,11,8,6,4,3,4,7,3,2,3,4,2,5,4,3,10,7,3,6,2,5,8,2,5,11,4,8,7,2,6,1,6,4,2,1,4,5,1,4,4,6,7,6,7,3,10,4,10,0,5,7,2,5,11,5,10,9,4,11,4,7,8,2,9,2,4,6,4,4,10,3,4,11,5,3,4,9,7,4,7,7,8,4,2,8,7,7,22
1,ENSG00000212978.6,50,14,18,27,16,16,2,7,13,10,14,10,10,12,16,18,11,3,13,12,17,13,1,16,1,0,1,2,6,12,6,8,21,11,13,10,5,11,1,12,15,9,5,11,10,10,8,8,11,4,3,9,10,7,1,20,9,11,9,21,9,7,13,19,20,12,7,11,8,18,1,7,17,10,15,9,5,11,18,13,16,10,18,12,17,4,5,15,2,4,6,2,8,19,25,5,1,0,1,2,2,3,0,3,2,4,8,0,2,1,4,2,13,4,5,8,22,17,3,12,17,18,14,15,7,8,12,21,21,9,12,8,9,8,1,11,19,3,7,11,2,8,11,6,8,11,6,8,10,8,4,13,0,3,4,3,8,5,19,13,11,8,13,5,11,10,6,12,6,11,7,5,2,9,5,8,6,2,8,7,12,7,1,18,9,9,7,8,3,5,10,17,19,6,10,10,6,5,0,7,5,6,4,6,10,7,5,11,15,10,14,15,12,16,4,13,1,1,3,2,8,18,14,22,17,10,13,10,15,11,3,18,14,15,9,8,9,18,16,17,15,8,5,9,10,14,2,12,15,9,16,16,18,18,21,47
1,ENSG00000274605.2,30,8,13,21,7,5,0,6,7,9,4,5,16,12,8,7,12,2,8,2,7,6,2,6,1,0,0,2,6,2,3,5,9,5,4,4,9,6,1,7,10,8,4,4,2,4,5,10,12,9,4,6,4,9,4,4,10,5,6,9,4,4,6,5,17,5,4,4,4,7,2,4,7,8,11,4,2,4,9,5,8,5,12,6,7,3,2,5,4,3,5,1,3,2,15,6,4,1,2,0,1,1,4,4,0,6,2,1,2,1,5,0,4,2,4,7,3,4,0,3,6,8,14,5,1,9,5,8,11,3,6,8,6,7,0,2,5,3,9,10,5,3,6,2,7,5,5,5,9,4,5,7,0,4,2,4,7,3,9,8,7,4,12,4,5,12,3,10,5,6,3,5,0,2,9,3,3,2,0,4,5,4,2,0,5,4,10,5,5,6,4,6,14,2,2,10,7,2,1,4,3,3,2,2,8,2,7,5,3,5,5,7,8,4,4,8,2,3,2,1,1,3,6,4,8,5,9,8,7,6,2,6,12,10,9,4,5,4,5,8,10,1,2,5,8,7,2,7,9,4,5,3,8,5,6,6
1,ENSG00000232527.8,1,3,2,1,1,1,1,3,5,1,2,2,2,0,4,0,2,2,3,2,2,4,0,4,0,1,1,0,1,8,7,1,1,7,5,3,4,2,1,4,5,6,1,2,1,2,1,5,1,2,2,1,1,1,0,1,4,1,3,3,3,0,1,1,1,2,6,2,5,3,0,6,7,4,7,3,2,2,4,3,3,2,8,3,7,3,2,3,0,3,0,1,2,5,3,3,0,0,0,0,5,3,1,1,0,1,2,0,0,1,1,0,2,1,2,0,3,9,2,4,2,9,7,2,1,3,2,2,4,1,0,2,1,4,1,6,3,3,3,4,1,1,2,1,4,6,7,5,3,5,0,3,0,4,2,0,1,2,6,2,3,1,4,2,4,4,3,3,2,1,1,3,2,0,3,1,0,2,0,1,4,1,1,1,3,2,2,1,1,1,3,1,1,0,2,1,2,2,0,2,1,3,2,0,1,0,1,1,2,4,3,1,4,3,2,3,0,2,0,1,1,3,4,2,3,4,4,0,8,2,1,3,3,6,3,1,0,4,3,0,1,1,2,1,2,1,0,4,2,2,2,1,0,3,1,2
1,ENSG00000215256.4,37,19,21,21,20,14,2,17,30,10,25,16,19,13,12,18,21,25,23,18,21,11,2,19,3,2,1,3,11,22,20,20,32,12,23,19,18,22,2,14,17,28,21,21,14,13,9,19,18,6,10,13,16,13,4,13,10,8,20,16,20,13,11,31,21,10,19,11,30,14,3,25,32,23,24,18,8,17,18,21,15,15,32,21,19,14,12,18,4,10,9,6,11,13,29,33,5,5,2,3,2,13,1,1,5,4,11,3,3,2,4,2,10,14,10,11,23,17,3,17,23,18,33,21,14,26,15,33,19,11,25,14,23,13,2,15,14,13,30,11,8,12,11,12,14,13,26,12,23,17,9,24,3,3,8,0,9,9,18,11,10,15,24,10,23,22,11,21,18,24,21,16,8,14,24,12,15,12,11,7,6,11,4,23,22,10,16,13,6,12,17,14,21,13,16,17,14,12,2,16,10,10,8,10,12,4,13,24,11,19,16,13,20,21,6,25,5,2,5,2,14,16,28,24,22,21,19,11,22,16,0,11,19,21,25,18,20,15,24,16,24,12,7,22,14,31,3,29,18,13,14,25,25,26,27,50
1,ENSG00000215246.5,22,8,23,12,12,9,1,8,15,13,14,19,8,12,10,29,10,18,23,12,11,12,2,16,0,1,6,0,2,11,12,14,15,14,15,12,14,18,6,20,19,14,15,9,12,11,13,14,7,5,11,9,11,9,2,14,9,14,13,12,14,16,25,43,19,7,13,18,28,17,3,17,12,31,27,10,10,10,16,21,17,18,25,18,30,17,3,18,0,6,2,3,9,26,23,28,0,2,1,1,6,6,1,2,2,4,8,3,0,1,4,5,11,6,4,4,21,30,9,27,17,12,23,15,6,32,18,51,12,7,17,19,9,9,3,7,14,9,11,9,4,7,15,18,17,9,14,7,17,13,2,24,2,3,5,3,9,15,21,16,19,5,14,12,12,12,2,20,15,9,15,14,8,11,16,14,10,6,10,14,13,6,4,10,11,15,13,17,10,10,15,15,12,8,8,10,14,6,0,7,15,5,5,12,10,8,7,30,13,20,18,20,20,26,4,28,2,5,4,4,5,35,11,49,21,7,13,19,15,20,4,19,14,19,15,23,20,10,22,17,10,10,12,28,26,33,0,49,23,17,22,25,30,50,29,78
1,ENSG00000222041.11,73,27,52,49,40,19,7,25,45,35,24,40,34,24,41,49,37,27,44,41,27,20,4,27,3,9,4,9,17,18,29,27,58,30,46,28,37,37,6,39,38,33,26,25,26,25,29,41,31,22,19,45,42,21,1,39,37,24,28,45,30,30,40,97,41,22,29,39,40,28,7,31,43,37,40,30,22,34,32,59,24,31,35,34,28,18,17,30,7,9,14,8,31,30,38,43,5,5,6,4,5,12,6,12,6,11,6,4,3,2,11,11,25,13,26,30,35,35,10,36,32,29,48,49,35,49,21,70,52,29,36,24,32,12,4,20,45,30,33,24,20,21,27,32,25,18,30,33,32,24,10,37,3,11,5,2,16,25,47,38,39,13,39,33,23,24,5,36,30,18,25,16,14,11,31,21,18,12,19,23,23,16,10,32,30,25,28,27,13,29,29,57,35,13,27,36,36,19,7,15,29,17,25,27,41,24,34,57,45,30,41,39,37,31,7,48,7,6,4,8,30,43,44,67,39,20,41,35,41,30,4,39,50,26,32,32,29,43,39,55,37,30,34,58,55,51,4,77,36,36,36,45,82,79,63,151
1,ENSG00000244459.2,3,4,4,2,2,2,3,1,4,3,5,2,0,3,0,2,3,3,4,2,6,2,2,0,1,0,3,2,1,5,3,0,2,4,5,2,3,3,2,3,7,6,6,0,1,3,3,2,0,0,0,0,2,1,1,2,5,0,1,3,2,2,1,1,4,1,4,0,4,2,1,5,3,4,8,4,0,3,2,3,4,2,6,3,5,6,1,3,0,1,4,1,1,1,4,0,1,2,0,0,1,0,1,0,2,5,6,1,0,1,2,0,1,1,1,1,1,3,1,4,5,2,6,4,0,1,0,1,4,2,6,3,5,6,2,2,5,4,5,3,0,0,6,0,0,5,7,1,2,4,2,1,1,0,5,0,0,2,7,1,7,3,9,4,5,4,3,5,10,6,14,1,0,0,3,1,1,0,1,0,3,4,0,1,2,5,3,0,1,1,1,1,2,1,0,0,1,0,0,1,1,0,1,0,0,0,1,1,2,2,2,2,2,3,1,2,1,1,1,0,2,1,3,1,5,6,3,0,4,2,0,2,4,0,5,2,1,4,2,1,1,1,0,1,3,0,1,0,2,1,1,1,0,0,3,1
1,ENSG00000223382.5,20,11,7,25,10,6,3,6,13,11,3,12,14,9,12,21,15,5,8,11,8,9,2,5,2,2,2,2,8,3,9,6,12,7,12,10,7,6,3,7,5,3,6,7,4,6,9,10,16,9,4,12,8,7,1,15,11,6,5,10,9,6,11,21,11,5,12,8,12,5,2,8,13,8,10,4,9,6,8,4,6,10,11,8,13,4,1,4,2,0,1,0,3,6,5,5,0,3,5,1,2,1,1,1,1,3,1,1,0,1,5,0,9,4,1,5,8,5,3,2,8,9,9,2,12,9,7,9,13,3,9,11,8,6,3,1,12,1,4,10,7,6,7,14,7,6,6,2,4,4,0,5,2,2,2,2,2,2,6,14,9,4,6,9,4,2,1,3,9,3,4,4,3,4,5,4,6,2,2,4,5,4,1,3,7,5,8,5,6,7,6,13,19,6,11,12,9,7,0,10,3,3,4,3,11,10,5,8,8,6,10,6,10,5,0,5,3,1,1,2,6,7,8,12,15,4,4,14,8,4,3,13,13,1,9,4,7,2,6,18,17,11,7,13,9,4,2,13,11,8,5,16,21,6,16,18
1,ENSG00000254991.1,4,3,6,4,3,4,0,3,3,3,3,3,4,4,4,3,3,4,4,2,4,6,0,8,1,0,0,2,3,4,4,6,5,3,4,3,2,2,2,3,5,6,4,2,4,3,8,2,4,1,2,3,2,4,1,8,3,2,4,7,0,4,3,2,6,3,4,4,3,9,2,6,5,2,9,8,0,7,5,3,3,8,10,4,8,2,2,3,0,1,2,0,1,7,10,4,0,0,1,2,0,1,0,0,0,3,0,0,1,2,1,2,3,2,0,1,7,6,0,7,7,7,5,10,5,6,5,4,2,1,2,4,2,3,1,6,4,2,4,4,2,2,5,2,4,2,6,4,6,3,0,6,1,0,0,1,1,3,6,3,3,3,3,3,8,4,0,6,5,1,2,2,1,2,4,3,2,3,4,3,5,4,1,4,5,5,6,8,0,5,5,3,5,3,0,3,5,2,0,2,3,2,1,2,4,2,2,1,7,6,4,5,7,4,1,5,0,0,1,3,1,6,9,8,1,6,6,3,6,8,0,4,2,8,4,6,6,7,11,6,2,3,2,2,8,3,2,5,1,4,5,5,4,3,2,10
1,ENSG00000241990.5,8,4,7,7,3,3,3,1,3,6,8,2,4,0,5,3,4,5,0,5,2,5,2,4,1,3,2,1,0,0,6,6,7,2,5,3,7,10,2,4,6,6,8,3,0,1,3,1,3,0,1,0,0,2,0,7,1,2,3,4,0,4,2,5,4,2,4,1,8,5,3,5,9,9,5,2,0,6,2,3,2,6,11,2,10,7,3,3,1,2,5,2,0,7,8,4,1,0,2,2,1,3,2,2,3,1,2,3,0,0,1,3,1,2,1,1,3,6,2,3,4,4,10,7,4,8,5,1,11,2,6,2,2,2,1,4,4,6,10,1,0,1,3,3,2,5,11,2,5,5,5,8,3,0,1,1,1,5,4,2,9,3,8,2,7,6,1,1,7,4,8,6,2,5,7,2,0,3,0,1,3,3,1,2,5,4,3,4,2,2,1,6,3,2,2,2,1,3,0,2,1,2,0,0,0,2,0,2,3,5,3,2,4,6,0,4,0,3,1,0,4,1,7,6,4,4,6,0,5,4,0,5,6,4,7,4,2,3,5,5,5,1,1,2,7,3,1,6,4,4,5,0,4,3,5,8
1,ENSG00000255135.4,8,2,2,4,3,1,1,2,3,0,5,4,2,4,1,3,1,2,2,4,2,2,0,1,4,2,2,3,2,2,0,1,7,1,5,4,2,7,4,4,7,8,5,5,3,0,6,4,2,0,1,1,1,4,5,6,0,1,6,0,4,0,1,7,2,3,4,1,2,1,4,1,1,5,6,1,1,5,3,1,3,2,5,2,4,4,2,2,4,0,0,4,2,3,3,2,1,2,9,3,1,2,2,2,3,1,2,3,3,2,4,3,2,4,2,2,3,2,3,4,3,2,1,2,2,1,3,5,3,1,6,3,1,3,2,0,13,6,11,4,1,5,3,3,4,2,5,2,3,4,4,4,2,2,6,2,4,2,2,3,3,2,12,4,8,4,3,3,6,4,2,1,3,1,4,5,3,1,6,0,1,1,1,2,5,3,8,1,2,6,6,1,4,1,0,2,2,0,4,2,0,6,3,4,0,2,0,5,2,2,1,2,3,2,2,3,5,3,1,3,2,5,3,5,2,1,8,1,2,2,3,2,5,5,4,4,1,2,3,3,0,3,4,4,2,3,3,3,4,3,3,6,3,4,6,2
1,ENSG00000264235.6,10,10,9,7,7,6,1,3,8,3,3,10,7,2,3,5,10,5,6,5,1,4,2,5,1,1,3,1,6,1,2,4,12,3,3,3,6,4,0,5,4,3,5,4,5,0,3,6,7,5,0,4,5,4,2,5,1,4,4,5,2,7,0,8,8,2,8,0,9,2,0,2,5,9,7,1,3,3,5,4,2,4,3,1,2,5,3,8,5,7,0,2,8,7,5,6,2,1,3,3,3,3,3,3,1,6,1,0,1,1,1,2,4,8,4,6,8,4,0,9,4,4,6,6,3,7,4,9,4,4,3,6,2,2,0,3,6,0,4,3,3,6,1,5,3,3,5,2,3,2,6,9,2,4,4,0,2,5,6,5,1,0,2,6,2,7,7,4,2,7,3,5,1,2,3,7,6,2,1,4,1,3,0,1,1,3,2,3,4,6,3,9,14,1,4,4,8,2,5,5,2,3,2,0,3,5,5,3,3,1,8,7,4,7,3,4,1,0,1,2,6,8,7,8,3,3,5,3,2,6,0,6,2,4,7,4,6,2,2,7,6,5,2,2,5,7,2,14,8,3,5,3,6,8,12,8
1,ENSG00000254416.6,12,8,12,10,11,11,2,11,14,9,12,13,7,8,6,5,10,16,11,7,16,11,0,12,3,1,2,0,4,15,12,8,8,8,18,9,12,11,1,15,14,9,11,6,6,8,14,5,8,1,4,3,7,3,2,11,7,7,9,6,4,6,3,4,9,11,13,10,16,13,4,20,9,15,10,7,2,6,11,2,18,16,9,5,11,6,4,9,1,1,5,0,4,18,12,12,5,1,4,0,0,1,0,1,6,6,4,0,0,0,1,0,4,6,7,3,15,16,3,16,14,12,16,18,7,10,8,18,6,13,18,5,9,11,0,7,12,10,14,8,4,6,7,9,7,8,6,4,13,7,1,13,3,0,4,1,8,6,18,5,16,12,11,9,8,10,3,9,12,5,9,11,0,9,6,7,7,1,5,1,7,3,2,12,12,6,10,9,3,6,8,4,14,3,5,1,8,4,0,1,8,5,4,5,3,3,5,1,8,13,15,5,8,6,2,12,3,0,5,0,4,11,18,18,13,6,11,8,5,12,4,12,16,10,13,5,8,7,16,9,4,5,6,5,12,6,1,12,5,8,9,7,7,9,10,12
1,ENSG00000260552.1,2,3,5,5,2,2,2,2,7,6,2,3,4,1,3,2,2,1,1,2,2,3,1,2,2,1,0,1,2,1,0,5,6,4,3,3,5,6,2,3,3,3,1,2,1,3,0,3,3,1,1,1,0,3,0,2,2,2,5,3,1,1,0,2,2,3,4,1,2,2,1,2,3,6,3,3,2,4,3,0,3,3,8,3,6,4,2,4,2,1,2,0,1,5,6,7,2,1,2,1,2,1,2,0,3,0,2,2,1,1,0,0,2,0,1,1,1,5,4,4,2,4,7,2,0,6,4,7,6,1,6,3,2,4,1,3,5,3,3,0,0,0,2,2,4,2,4,1,6,3,1,7,1,2,3,1,1,1,3,1,5,3,4,0,3,5,2,1,2,3,1,3,1,3,4,0,1,0,1,2,2,2,0,5,1,1,2,1,0,2,0,3,6,1,3,1,0,0,0,1,1,1,1,1,0,0,4,0,1,1,2,3,2,6,1,6,1,1,2,0,0,7,6,4,3,2,2,0,1,5,1,2,4,5,5,1,1,2,1,2,5,0,1,0,4,5,0,6,2,2,1,0,5,6,1,3
1,ENSG00000254109.6,7,6,4,6,3,5,1,9,4,2,5,1,5,1,8,3,5,2,2,3,4,3,4,4,1,1,2,2,1,5,8,6,6,2,3,2,7,3,0,8,7,4,5,2,1,1,4,2,5,1,2,3,2,6,0,1,5,3,6,8,2,4,3,2,5,4,2,5,3,7,4,8,5,5,6,3,2,2,8,2,5,9,6,5,10,7,10,1,2,9,6,4,1,12,9,2,0,0,6,0,1,8,3,1,2,2,4,0,2,2,5,0,0,2,1,2,7,13,2,4,7,8,7,4,5,9,6,8,7,7,5,4,2,2,0,1,3,9,5,2,2,2,5,5,3,8,4,4,5,10,4,7,0,2,0,3,3,5,7,6,8,1,6,6,6,9,0,6,4,9,9,4,1,5,3,1,0,3,1,3,2,3,1,8,5,0,9,5,1,2,2,3,4,1,1,2,4,1,1,2,1,2,2,2,2,4,1,1,3,2,7,2,6,8,3,12,3,1,0,0,0,4,2,14,9,2,4,6,5,6,2,6,8,6,8,4,3,6,7,5,4,2,3,0,3,7,1,7,4,8,4,4,1,3,9,2
1,ENSG00000234327.8,21,14,9,12,9,5,0,8,6,6,12,6,9,6,6,16,17,6,8,11,6,4,1,7,0,2,0,0,7,5,9,9,10,10,5,10,5,9,0,12,13,7,5,4,3,3,4,7,8,6,3,5,5,4,1,8,13,5,6,9,11,14,7,17,15,1,8,7,10,7,2,6,13,11,5,6,6,3,7,16,6,7,12,9,8,3,0,8,2,0,1,1,6,7,14,5,1,0,3,0,1,1,0,2,0,0,3,1,0,1,0,0,7,5,4,6,9,8,2,18,16,6,10,13,4,9,6,16,12,6,6,11,11,5,0,6,11,7,7,3,2,2,10,13,2,4,8,5,6,2,2,9,0,1,1,0,5,9,7,9,9,6,7,4,4,5,2,7,6,6,2,6,1,4,11,4,5,2,0,4,6,5,1,4,10,5,9,4,3,5,4,3,8,1,7,7,12,1,0,10,5,2,5,2,5,7,10,3,6,8,7,7,14,10,1,8,2,1,2,0,4,16,15,12,15,6,13,13,9,4,0,9,7,6,10,9,7,8,13,4,3,10,7,10,8,16,1,17,8,6,7,6,12,14,10,11
1,ENSG00000172965.17,62,24,46,44,34,17,5,23,41,33,21,30,31,22,36,45,33,25,38,37,25,19,6,24,3,8,4,6,19,15,27,23,54,31,40,24,34,33,5,38,33,32,17,20,22,20,21,34,25,20,19,44,36,17,1,33,27,20,27,43,24,25,42,88,38,20,26,35,35,27,6,29,41,32,36,24,22,27,25,51,20,29,29,28,26,15,18,27,6,12,13,9,29,27,32,38,4,5,5,4,5,11,7,13,6,9,5,4,2,3,7,11,24,14,25,28,31,32,10,28,29,26,43,41,30,46,19,64,48,24,30,22,29,12,3,18,38,30,24,20,17,17,25,30,24,18,29,28,23,25,11,33,3,10,5,2,14,20,45,37,32,11,34,29,21,21,5,34,21,14,19,13,10,10,23,17,11,11,14,21,19,13,7,33,23,21,20,20,12,25,25,52,28,11,23,33,35,18,7,14,29,15,21,23,38,21,31,53,42,25,37,32,32,27,5,42,6,6,2,6,29,39,35,61,34,15,33,32,39,27,3,31,46,26,26,23,23,39,33,52,35,29,30,50,50,44,2,70,35,33,31,43,78,70,56,134
1,ENSG00000267321.3,34,8,6,20,5,5,1,6,0,8,5,7,6,9,13,13,2,5,3,5,6,3,0,11,1,2,0,2,5,4,7,8,6,1,11,6,7,9,2,4,8,12,6,13,5,5,6,6,7,3,1,4,9,6,0,3,12,4,7,10,9,7,7,14,6,4,6,4,3,8,2,10,9,6,9,5,4,5,7,5,5,1,9,6,3,1,3,0,1,1,4,0,3,9,10,8,0,2,1,2,2,2,0,0,4,0,4,0,1,0,3,1,2,8,2,4,9,5,0,7,8,2,10,7,11,7,9,12,9,2,4,8,2,4,0,3,11,6,20,7,2,2,9,5,5,8,10,4,6,1,3,9,2,1,3,1,3,5,6,10,4,3,16,5,11,7,3,12,7,6,1,3,9,3,5,7,9,0,4,6,3,1,2,7,6,5,6,4,3,5,8,10,19,3,4,9,5,3,2,5,4,2,5,3,3,2,4,15,8,9,7,6,6,2,0,10,1,0,1,2,5,3,4,13,13,2,16,5,7,1,2,8,9,15,6,8,4,5,7,12,17,4,7,10,9,6,2,8,10,7,15,7,15,6,15,24
1,ENSG00000231133.8,29,20,13,17,20,11,7,8,7,21,8,8,6,7,7,14,14,17,16,9,11,18,9,12,2,5,9,10,2,10,16,13,17,14,13,6,19,20,5,25,12,23,26,11,4,6,11,9,3,4,3,8,9,4,2,5,10,6,7,8,9,14,7,17,23,6,11,5,16,21,8,18,17,31,36,10,5,6,9,12,8,17,29,12,24,34,19,26,4,13,23,15,4,32,33,13,4,3,6,1,5,13,12,7,13,16,18,13,1,12,15,6,10,6,4,3,23,36,12,19,23,33,40,11,3,16,17,9,14,14,17,7,10,16,7,11,18,13,25,8,4,2,11,12,13,12,26,2,16,29,16,26,5,12,19,7,7,29,31,8,16,12,24,14,14,33,12,26,23,28,31,18,3,18,21,11,8,3,3,3,7,13,4,22,14,18,11,17,5,8,7,17,13,6,3,5,10,2,4,4,8,4,3,4,3,5,4,9,10,17,23,9,15,22,11,18,3,7,9,3,10,19,27,11,15,15,21,8,15,21,14,17,18,18,24,11,9,10,13,11,6,7,9,7,20,13,4,21,12,10,13,7,12,20,11,33
1,ENSG00000258586.1,36,17,20,21,14,4,1,9,18,4,10,8,13,6,16,7,16,4,7,6,4,3,0,4,0,0,0,1,5,5,2,3,16,3,11,13,6,5,2,4,6,4,7,1,6,2,6,6,14,4,8,10,9,3,0,6,14,4,7,6,7,2,5,11,22,8,4,8,9,1,0,2,7,4,4,5,3,6,2,8,7,4,4,5,5,0,0,2,0,0,0,0,2,1,1,5,1,1,0,0,0,0,0,0,0,0,1,0,0,0,1,1,4,2,2,2,8,0,0,3,5,4,2,3,5,3,4,3,13,3,11,10,5,2,0,1,11,4,1,6,12,2,8,3,8,2,3,2,8,2,0,1,1,0,1,1,2,1,5,3,9,2,5,5,6,2,0,4,6,3,0,2,4,0,0,1,8,2,2,3,3,0,0,2,2,1,4,4,6,4,3,3,23,1,5,3,5,4,0,3,7,5,3,1,7,4,5,7,11,2,6,6,3,2,0,2,1,0,0,0,1,4,6,4,11,2,6,7,3,4,1,3,9,5,3,2,5,3,4,8,6,4,4,8,5,4,1,4,5,2,6,7,4,5,8,7
1,ENSG00000254473.1,15,4,9,9,8,5,2,9,3,10,4,8,3,4,3,8,11,4,8,5,9,2,1,6,4,2,0,0,6,3,2,5,5,3,3,3,10,5,3,5,6,0,2,2,1,1,11,5,4,1,2,2,3,4,4,3,5,3,3,2,0,6,9,6,10,13,3,5,8,7,1,4,3,8,2,9,3,7,3,8,8,5,8,5,6,3,1,4,1,3,0,1,0,8,4,6,5,3,2,2,2,2,1,3,2,2,0,0,0,0,1,3,2,8,0,1,6,6,2,6,7,5,6,3,5,4,8,2,9,6,10,3,7,4,0,2,7,4,4,0,1,3,5,2,6,5,2,5,7,5,2,5,3,1,2,1,2,3,8,1,6,1,6,1,2,4,2,1,2,3,0,3,1,7,5,2,2,0,0,0,6,0,2,4,7,4,7,2,1,5,3,4,3,1,3,1,5,2,3,1,1,1,0,1,2,0,2,3,6,6,4,6,4,4,1,3,4,2,2,2,3,5,7,7,12,6,4,5,5,8,1,5,4,4,6,10,0,4,3,3,0,2,1,4,7,2,2,9,8,7,8,3,1,5,6,6
1,ENSG00000255062.1,19,6,9,7,8,3,0,1,7,2,3,3,7,1,4,1,7,1,6,0,2,4,0,3,0,0,0,0,1,0,4,3,10,2,0,4,2,2,0,2,2,3,1,4,3,2,2,1,3,3,1,2,1,2,0,4,4,0,5,2,1,3,2,0,7,3,0,1,3,4,0,2,7,2,2,4,1,3,1,1,2,4,5,3,6,3,0,3,0,0,0,0,3,2,4,1,0,0,0,0,0,0,0,0,0,0,0,0,0,0,0,0,2,0,3,1,1,3,0,2,5,2,1,2,1,4,3,3,7,3,5,4,0,2,0,4,1,1,1,1,0,2,5,3,1,2,1,2,2,1,0,2,0,0,0,0,0,2,1,3,1,1,1,3,3,1,0,2,1,1,1,0,0,0,5,1,2,0,1,1,2,2,0,1,6,2,1,1,0,1,0,1,8,0,1,1,3,0,0,1,1,1,4,0,1,1,1,1,1,2,3,1,4,4,0,2,0,0,0,0,2,2,1,4,8,3,3,3,2,2,0,2,3,2,1,2,1,3,3,0,3,1,1,0,3,3,0,2,2,2,1,2,3,0,2,0
1,ENSG00000277067.4,28,18,14,26,16,7,2,10,14,7,5,13,18,11,18,18,18,2,10,14,8,1,1,10,0,1,1,3,2,10,7,14,10,10,12,12,8,8,2,8,12,12,3,12,10,5,11,12,20,8,6,16,12,8,0,15,9,9,10,14,11,18,9,23,16,11,7,13,5,5,0,6,10,5,15,12,14,12,12,12,11,2,8,8,2,2,2,7,1,1,4,2,11,8,9,9,0,1,0,0,2,1,0,3,1,0,4,0,2,3,3,1,8,9,5,7,14,8,1,14,10,6,12,12,8,10,17,19,19,3,11,10,11,4,1,5,13,8,11,7,7,6,5,9,5,5,9,8,5,6,2,9,0,1,0,4,7,6,13,9,16,6,14,7,9,5,1,11,13,7,7,5,4,7,4,6,7,3,13,7,7,4,1,11,10,6,5,7,8,2,10,16,24,3,7,16,12,4,2,12,7,6,8,6,11,6,7,22,13,7,15,20,14,4,3,11,0,3,0,0,9,13,11,22,17,4,13,8,8,8,2,13,17,7,18,4,14,8,10,17,15,10,3,16,22,12,1,14,13,10,19,16,17,19,22,26
1,ENSG00000261116.1,30,13,15,29,11,7,1,9,16,8,2,17,31,3,15,16,9,5,16,14,6,4,0,3,2,0,0,1,3,2,10,17,24,5,6,13,7,7,0,7,7,2,3,5,10,5,9,17,23,8,8,34,11,8,0,7,16,7,8,12,16,13,9,14,19,4,10,2,10,2,0,4,15,5,9,9,9,7,8,11,8,3,5,11,5,2,1,5,1,0,0,0,2,5,9,5,1,0,0,2,0,0,0,0,1,0,0,0,0,0,0,2,4,3,6,4,5,5,0,7,8,4,6,14,6,8,7,25,18,4,7,13,7,1,0,9,7,4,2,4,15,4,9,6,7,1,8,2,5,3,0,5,0,0,1,1,4,5,2,7,7,2,2,11,2,1,1,5,6,3,3,4,7,1,2,3,4,10,6,12,3,1,0,9,6,3,6,9,4,9,6,22,20,7,11,21,16,3,2,10,10,4,4,11,18,12,11,19,12,7,9,8,11,4,0,8,0,0,0,0,8,5,10,17,10,10,9,8,9,5,1,6,8,4,10,4,15,7,13,19,28,10,9,10,17,9,0,17,7,7,6,19,31,13,17,43
1,ENSG00000251381.8,18,16,10,16,13,10,4,12,18,12,12,7,13,9,11,10,11,5,7,17,14,8,2,5,3,0,2,1,7,5,18,9,15,5,11,15,11,13,0,8,11,7,14,11,7,5,12,6,9,4,6,6,5,7,2,8,17,8,14,8,6,9,13,10,11,9,13,8,7,7,1,16,14,10,11,7,5,2,15,14,13,12,16,6,12,4,0,10,1,0,2,0,7,10,18,5,3,1,2,0,0,0,0,0,1,2,1,1,1,1,1,0,12,6,5,5,11,6,0,20,14,15,12,17,8,10,9,7,15,10,13,9,12,3,1,6,10,9,12,10,5,7,16,7,8,4,11,6,11,7,1,12,1,0,1,1,8,4,9,11,13,7,15,13,7,9,1,10,18,5,5,4,5,10,7,5,11,3,3,2,11,2,0,11,9,7,12,3,7,7,4,6,17,4,13,10,8,9,0,5,4,1,8,6,2,4,5,7,9,10,8,7,10,7,0,13,1,0,0,1,6,18,13,9,16,9,13,7,11,9,2,14,18,12,12,11,6,8,11,13,12,9,5,5,7,15,0,7,5,6,15,10,10,3,10,7
1,ENSG00000230337.1,0,0,2,1,1,1,0,5,3,5,0,1,1,0,0,2,2,2,2,2,3,3,1,1,0,2,2,1,0,6,2,0,1,3,5,3,2,2,1,6,2,3,1,1,2,0,2,0,0,1,1,0,1,0,1,1,0,2,1,0,2,2,0,3,1,1,2,0,3,4,2,1,3,3,3,2,0,2,1,3,2,1,2,3,0,3,3,4,4,2,2,1,0,4,8,2,2,2,3,0,2,3,4,2,1,4,4,0,0,4,1,1,0,0,1,0,3,11,2,4,3,2,8,2,1,2,2,0,2,5,4,1,2,1,3,1,4,2,4,1,1,0,2,2,0,4,4,1,2,2,3,2,3,4,2,3,0,6,3,2,4,2,2,2,3,3,3,2,5,2,0,2,3,1,1,2,1,4,0,0,0,1,4,2,3,2,2,0,1,0,2,1,0,1,1,1,2,2,0,1,2,1,0,0,0,1,0,0,1,3,3,0,3,2,2,7,0,3,3,1,1,4,2,1,5,0,1,0,2,1,3,1,2,2,4,4,0,2,3,1,2,0,1,1,3,2,0,1,0,1,1,4,0,2,2,3
1,ENSG00000267302.5,38,11,15,25,9,9,0,8,16,6,8,14,15,8,17,17,17,18,5,8,9,4,0,9,1,2,1,2,10,2,7,12,21,6,6,6,9,5,0,3,5,5,5,7,7,3,6,7,4,12,5,22,7,3,2,6,10,6,8,16,8,4,5,17,22,2,8,9,20,4,2,7,7,7,7,4,10,3,2,5,8,8,6,6,3,2,1,2,4,0,0,0,6,7,4,5,2,0,4,0,2,0,0,3,2,1,0,0,2,0,2,1,11,8,4,5,7,5,3,2,7,6,6,4,7,3,4,11,16,9,10,12,4,3,3,5,10,2,7,1,2,4,4,5,8,2,3,4,8,0,1,4,0,1,0,0,4,4,5,4,10,1,4,4,3,3,0,3,4,2,4,6,5,5,6,8,8,8,2,7,5,4,1,4,9,0,6,5,5,9,8,5,13,4,11,11,15,6,1,11,6,2,0,4,16,3,17,7,8,5,11,2,8,2,2,7,1,2,2,3,8,4,7,4,14,8,6,5,3,5,1,8,8,1,7,10,11,7,6,11,16,5,1,9,7,7,2,11,7,5,6,10,11,11,11,16
1,ENSG00000268061.5,6,5,7,2,6,7,0,6,10,4,14,5,4,6,4,2,2,7,9,3,10,8,0,14,1,4,3,0,6,6,9,5,8,6,10,7,9,11,2,13,22,17,14,10,0,5,9,3,4,0,1,1,8,4,2,6,8,6,7,5,1,0,2,5,6,6,12,5,8,10,4,8,7,20,24,8,2,7,9,1,9,15,26,5,21,13,2,15,0,3,2,1,5,20,22,7,2,2,1,2,6,4,1,5,2,5,4,1,1,1,2,2,3,6,4,5,16,15,7,16,11,28,21,8,3,9,7,4,6,6,10,5,5,11,3,10,11,9,22,3,0,5,8,4,8,6,13,5,22,16,4,13,3,5,3,2,5,15,24,4,9,13,22,6,9,14,7,13,15,12,17,5,0,6,15,3,0,1,3,1,3,2,5,6,10,11,11,6,1,3,4,5,2,2,4,4,2,4,1,2,3,1,3,1,0,2,5,1,10,2,11,6,2,14,0,12,3,4,4,3,2,13,13,7,8,8,12,2,8,26,3,17,11,10,14,8,4,4,12,5,5,2,0,1,2,7,0,7,1,9,4,6,3,4,7,5
1,ENSG00000260976.2,14,8,6,17,13,6,1,9,11,6,4,4,13,6,14,16,13,2,8,11,8,2,1,3,0,0,2,1,5,4,6,7,10,6,9,9,3,7,2,7,6,4,4,1,7,1,3,9,8,6,10,12,6,6,2,10,17,6,8,8,12,7,5,18,12,5,9,9,4,2,0,6,8,5,3,8,10,8,9,11,9,4,5,8,5,1,1,4,2,1,1,1,4,5,6,7,2,0,0,1,1,0,0,1,0,2,1,1,1,1,2,0,6,5,2,4,8,6,0,6,8,7,4,10,4,5,10,10,7,8,5,11,9,3,1,4,8,4,3,6,6,3,9,2,6,2,6,6,6,1,0,8,1,1,0,1,0,4,8,6,7,1,4,3,6,2,1,4,3,1,2,2,0,2,2,2,6,2,4,4,5,5,0,4,4,3,0,4,8,2,3,7,13,8,5,12,8,3,1,3,7,4,5,2,7,7,7,13,7,4,5,13,7,7,3,7,0,0,1,1,8,7,9,9,12,10,7,7,10,6,0,6,6,6,1,2,8,10,4,9,18,2,2,14,10,7,0,13,7,6,3,9,12,16,7,18
1,ENSG00000275097.1,4,1,2,5,1,1,0,2,2,1,2,1,9,3,2,1,1,0,3,4,1,0,0,2,0,0,0,0,4,1,4,6,4,4,0,1,0,1,0,1,2,0,2,1,3,3,1,2,8,4,1,5,3,1,0,4,2,1,1,3,5,1,2,7,1,1,1,0,2,1,0,2,1,0,1,4,2,2,2,2,0,2,0,1,0,1,0,1,0,0,0,0,0,4,2,1,0,0,0,0,0,0,0,0,0,0,0,0,0,0,0,0,0,2,4,1,2,1,0,4,3,1,0,6,3,5,0,8,3,0,1,5,3,1,0,1,1,1,0,1,1,2,1,1,0,1,1,0,1,0,0,1,0,0,0,0,0,0,2,3,2,0,1,3,0,0,0,3,1,0,0,1,2,1,1,0,1,3,3,6,1,0,0,3,0,1,2,0,1,0,1,5,4,2,2,5,2,0,0,10,5,0,2,3,6,1,2,10,2,2,2,3,1,1,0,3,0,0,0,0,3,2,2,6,3,1,2,1,2,1,0,1,3,3,0,2,8,0,1,5,4,3,2,7,3,3,0,2,3,1,5,5,7,2,11,16
1,ENSG00000225439.3,50,18,19,29,16,17,1,18,11,14,16,15,12,13,23,18,9,7,21,14,16,12,1,19,3,2,0,1,11,12,18,24,25,14,17,12,13,15,4,25,16,22,10,19,10,13,12,20,11,12,11,12,10,9,4,18,16,14,24,11,14,15,16,31,20,13,14,14,9,11,1,14,30,19,21,18,13,12,19,20,17,6,24,22,24,14,4,12,5,8,1,1,13,21,14,25,4,2,5,3,4,6,5,7,1,1,4,2,0,3,3,2,14,16,15,14,14,25,4,25,24,12,20,20,11,22,19,32,28,11,11,11,13,9,3,12,17,14,17,9,8,7,8,18,17,13,21,14,12,11,6,19,4,6,4,3,15,13,20,16,11,13,13,13,17,16,5,15,12,7,10,8,13,11,12,13,14,4,8,11,16,11,1,19,10,6,14,6,6,14,14,18,18,10,12,12,13,11,1,20,10,10,13,13,13,9,15,20,18,9,22,14,17,17,4,23,2,6,3,3,20,22,24,19,21,8,22,13,31,11,3,17,21,23,13,20,15,20,9,17,13,13,12,20,23,16,5,23,14,30,19,24,27,16,38,53
1,ENSG00000234753.5,5,2,6,2,2,6,0,0,4,4,1,3,1,3,1,7,3,1,7,1,3,3,2,2,2,1,0,1,0,3,1,0,1,3,4,2,5,2,2,6,1,2,1,3,1,2,4,3,3,2,0,1,1,1,0,3,1,1,1,1,6,1,4,2,2,2,3,3,3,1,0,2,3,6,4,4,3,1,0,4,0,2,5,4,0,2,5,5,3,4,3,2,4,3,2,1,6,2,0,1,1,3,1,1,1,1,3,1,0,1,4,0,2,2,2,0,2,3,3,3,3,4,3,6,1,3,0,2,5,1,3,2,4,2,3,1,3,4,1,1,1,0,3,0,2,2,4,2,5,3,1,1,1,1,2,2,1,4,6,1,1,3,2,1,4,3,1,0,3,2,1,2,0,3,2,2,2,0,0,1,3,4,0,2,4,4,4,4,1,3,0,3,3,3,0,5,3,1,1,1,0,1,1,2,1,1,0,2,5,1,1,1,3,3,4,2,3,0,1,0,1,1,7,4,3,2,3,0,1,2,2,5,2,3,3,1,2,3,6,2,4,2,2,2,2,4,1,5,0,1,1,2,2,5,0,2
1,ENSG00000203644.3,12,11,6,11,9,2,0,10,9,3,2,7,11,2,12,7,10,3,5,10,3,0,1,3,2,0,0,0,5,7,6,10,6,2,2,5,5,2,0,3,6,1,2,1,5,5,1,5,8,8,5,5,4,3,0,5,8,3,8,6,9,7,4,9,9,3,4,6,7,0,0,8,0,4,1,4,8,5,5,8,3,2,0,7,2,0,0,1,1,0,0,1,3,1,1,0,0,0,1,2,0,0,0,0,0,1,0,1,2,0,0,0,4,5,2,2,5,2,1,5,4,2,2,6,4,2,6,5,6,3,5,7,3,3,1,3,3,2,2,2,4,2,3,4,3,3,2,3,3,1,0,0,0,0,0,0,3,2,1,3,6,2,4,4,4,0,0,2,2,1,0,0,1,1,2,2,10,3,1,5,4,1,1,0,4,0,0,2,1,1,1,7,13,4,6,8,9,2,1,7,3,1,5,3,3,3,4,10,6,7,2,6,4,2,1,1,0,0,2,1,2,3,6,4,9,6,2,2,2,2,0,4,9,3,1,4,11,0,3,3,9,3,4,8,8,2,1,5,3,3,7,3,10,6,5,11
1,ENSG00000257605.2,13,3,3,4,4,5,1,4,1,3,1,2,4,3,4,1,4,3,6,1,5,0,1,6,3,0,0,1,1,4,2,2,4,1,2,2,1,1,2,3,3,4,2,2,1,1,4,2,4,0,0,4,1,6,2,3,2,4,5,1,3,1,1,2,3,1,2,4,6,6,3,3,2,4,5,2,2,3,3,1,2,7,1,2,2,3,4,0,3,1,3,1,2,6,6,1,2,0,4,3,1,2,0,0,1,0,4,2,1,3,0,0,5,2,0,0,4,7,2,4,3,7,7,1,0,1,4,2,3,4,2,2,1,0,0,1,5,0,4,3,1,4,3,3,1,3,1,4,2,2,0,4,3,1,0,1,3,2,6,0,4,0,1,3,3,2,1,4,3,1,2,7,2,8,6,2,0,1,1,3,7,2,1,5,4,2,4,2,2,1,0,2,5,6,0,2,3,1,0,1,1,0,1,1,1,2,2,2,3,5,4,2,3,4,3,5,0,1,4,1,1,5,4,4,1,1,5,3,4,3,2,4,1,5,5,7,1,3,2,1,4,2,2,0,2,0,1,2,1,0,2,3,3,2,1,4
1,ENSG00000234678.2,79,33,34,31,31,21,6,19,35,26,16,20,14,18,33,26,27,40,35,17,28,18,3,30,5,9,7,6,15,22,17,21,35,28,37,20,20,40,11,24,28,32,27,31,13,16,30,19,13,11,4,14,23,17,7,24,18,14,26,16,16,16,12,30,39,19,29,21,46,28,12,26,36,37,53,29,11,21,20,13,29,24,48,15,33,17,11,28,5,6,11,4,16,51,56,21,4,2,8,4,10,11,1,6,9,6,11,3,2,5,8,7,22,15,9,7,40,56,7,38,32,27,58,30,12,27,24,13,34,18,18,23,25,19,5,18,37,23,42,23,11,23,11,14,24,17,37,14,25,29,10,43,5,5,5,8,11,28,35,17,27,16,51,15,33,29,8,38,33,29,30,18,1,15,39,20,13,9,7,7,26,5,2,19,28,21,36,11,8,14,23,17,26,7,16,16,17,11,4,12,12,9,7,6,6,9,10,21,28,31,35,19,30,25,2,43,3,8,6,4,11,40,39,17,27,21,29,20,29,27,3,23,39,41,42,23,20,16,19,16,17,9,14,18,24,22,5,26,19,19,25,14,22,20,18,48
1,ENSG00000259623.1,34,18,19,34,14,7,0,24,15,14,10,23,27,11,12,24,4,5,14,17,14,3,1,13,2,0,1,0,14,10,13,20,22,8,12,10,13,6,1,12,7,11,6,8,19,12,13,26,22,8,13,24,13,11,0,11,14,6,5,21,15,12,12,46,15,5,13,6,8,11,0,14,13,5,8,16,9,6,16,21,9,9,9,11,9,2,2,5,0,1,1,3,8,10,7,15,2,0,0,1,0,1,0,1,0,0,1,2,2,1,4,2,15,10,10,9,20,10,4,10,11,9,11,12,20,9,21,25,25,6,14,6,9,3,0,7,14,5,5,6,7,5,10,14,8,6,8,8,7,3,0,5,0,1,1,2,7,8,12,15,9,3,3,5,5,5,1,12,4,6,3,7,6,8,5,10,19,4,10,17,9,7,0,15,13,8,5,17,14,10,14,40,32,16,16,28,9,10,3,12,10,8,9,25,24,13,8,26,18,13,11,16,8,10,2,17,1,0,0,4,15,16,11,25,18,8,15,20,12,3,2,17,9,6,10,12,22,10,21,40,36,12,19,21,16,9,1,31,23,11,16,43,39,26,46,90
1,ENSG00000214401.4,19,6,4,7,10,3,0,2,2,5,3,3,6,3,6,5,7,2,6,4,4,2,0,3,0,0,0,0,0,4,3,1,4,3,5,2,3,8,1,2,2,1,2,3,1,7,5,3,5,0,3,3,4,3,0,2,7,2,2,4,5,2,4,6,8,6,3,8,1,4,0,3,3,4,0,5,1,2,5,5,9,4,3,4,2,2,0,3,0,0,0,0,2,4,5,3,0,0,1,0,0,0,0,0,0,0,0,0,0,0,0,0,1,3,0,2,3,3,0,6,4,2,4,2,3,3,3,2,3,1,4,3,4,2,0,2,6,2,3,5,2,1,3,4,2,0,2,2,8,1,0,3,1,0,0,0,2,0,2,3,4,1,2,2,1,1,0,1,3,1,1,0,1,2,1,3,1,0,3,2,5,4,0,0,7,1,1,1,2,2,2,1,6,2,2,2,4,0,0,1,2,3,2,3,2,3,1,3,8,2,1,3,6,2,0,5,0,0,0,0,2,4,2,4,3,4,8,6,2,3,0,4,4,1,2,4,4,0,4,1,5,2,4,2,2,3,0,4,3,4,4,2,3,2,4,2
1,ENSG00000224292.1,7,7,3,9,7,3,1,2,8,1,0,2,8,3,4,7,10,2,3,4,4,3,1,4,1,1,0,1,0,2,3,5,5,3,3,6,2,2,0,2,4,1,2,3,2,1,1,1,6,4,2,7,1,2,0,6,3,0,1,5,3,3,4,5,8,2,4,7,4,2,1,4,4,3,1,1,2,4,1,4,4,3,3,4,4,1,1,1,2,1,2,1,2,2,3,2,3,0,0,0,1,1,0,0,2,1,0,1,0,1,0,1,1,3,3,0,4,4,0,2,0,2,5,3,2,3,4,4,4,2,4,2,3,3,1,2,2,2,3,1,4,1,2,3,2,2,1,1,1,2,0,3,0,0,2,0,0,3,0,4,3,3,2,3,2,2,1,2,1,1,1,3,2,2,2,4,2,1,2,1,5,0,0,2,1,2,4,2,0,1,3,5,7,2,0,4,5,4,0,2,3,0,6,1,5,1,2,1,6,4,2,2,5,1,4,1,0,0,0,0,5,3,4,2,1,2,3,1,1,1,1,3,4,4,3,3,2,3,6,3,4,3,3,1,4,5,0,4,3,2,4,4,6,6,2,6
1,ENSG00000257718.1,6,1,8,4,2,2,1,2,6,4,7,3,4,0,1,2,2,1,2,0,4,3,1,4,0,1,2,0,0,1,4,2,4,8,10,1,5,2,1,2,5,5,3,2,3,2,3,2,3,1,1,4,2,1,0,0,1,0,1,3,1,1,1,2,5,1,5,0,2,3,0,0,4,4,3,3,1,1,2,1,3,3,2,2,1,0,1,3,2,1,2,0,0,2,4,4,0,1,1,0,2,0,0,1,3,0,1,0,0,0,1,2,0,0,0,0,1,2,1,1,7,2,4,1,3,4,3,0,6,3,4,2,0,6,2,5,10,2,5,4,2,0,1,1,5,0,5,3,3,0,2,1,0,1,0,1,0,2,2,1,7,0,8,1,5,3,0,1,2,3,3,2,0,2,3,1,2,1,0,1,3,1,1,1,3,2,4,1,0,1,2,4,2,2,3,1,1,1,0,0,3,0,0,0,2,2,1,1,2,1,4,0,2,2,1,2,0,0,0,2,0,0,4,3,4,4,2,2,1,1,1,1,6,1,3,2,1,2,3,2,3,0,2,1,1,3,0,5,1,0,3,3,2,3,1,4
1,ENSG00000233461.6,36,11,19,20,11,9,1,13,15,6,17,12,15,12,20,7,14,8,9,10,10,9,2,12,4,0,0,2,7,13,10,11,13,5,9,11,8,9,2,5,19,14,4,7,13,4,8,9,14,6,5,14,8,13,2,15,11,7,11,18,10,3,7,15,16,10,14,8,14,16,2,15,10,9,7,9,7,8,15,4,14,17,12,9,17,4,1,11,0,5,0,0,9,9,15,17,4,2,2,1,0,5,4,0,0,1,1,1,3,1,3,0,7,8,7,7,9,13,0,11,10,11,11,15,8,13,10,16,18,7,8,10,5,4,2,5,11,3,14,9,4,6,5,11,11,10,7,8,9,7,2,12,3,3,3,3,6,3,5,4,8,6,15,7,15,9,3,5,6,4,6,3,1,6,7,5,14,4,3,5,10,9,1,6,12,3,10,3,9,7,6,9,17,6,9,16,11,4,1,8,2,6,6,4,13,12,7,13,9,12,7,7,16,13,0,15,2,0,0,2,7,8,17,15,18,3,11,7,13,7,3,8,11,13,8,8,9,15,10,17,13,6,3,19,8,9,1,15,6,10,8,15,14,10,16,23
1,ENSG00000146666.5,3,6,5,4,8,0,1,5,8,7,2,6,4,1,2,11,5,5,7,4,5,5,3,3,4,0,1,0,3,4,10,4,5,6,7,3,8,3,0,7,9,7,1,2,4,4,6,4,6,0,3,7,2,3,1,2,4,7,3,4,5,5,3,21,5,3,8,6,7,7,2,6,8,4,7,9,3,2,4,9,4,5,5,2,4,3,2,7,2,2,1,1,2,6,9,11,2,1,0,3,2,0,0,1,0,0,2,1,1,1,0,2,5,1,0,3,5,5,0,7,10,6,4,9,3,6,11,14,4,3,5,3,4,9,1,7,4,4,7,2,1,2,7,7,6,7,9,4,3,4,0,7,0,0,0,2,4,2,7,6,5,6,3,2,6,4,0,4,0,1,1,5,1,2,7,2,2,2,4,4,8,4,1,4,6,3,4,11,1,2,3,11,6,2,5,5,2,0,1,3,1,3,3,1,8,3,5,7,7,5,7,8,4,4,1,11,0,1,1,1,0,5,3,13,3,8,7,9,10,7,2,7,7,6,3,4,6,10,11,9,5,3,1,9,12,8,1,8,6,10,9,12,10,16,20,21
1,ENSG00000272540.1,1,1,3,2,3,1,1,3,2,4,5,0,4,2,3,3,3,4,3,3,8,1,0,3,0,0,3,1,1,2,6,3,4,4,5,4,4,3,0,6,3,5,7,6,2,2,5,1,4,2,3,3,5,2,0,4,2,3,4,3,2,6,2,3,2,5,1,6,4,2,1,6,8,6,8,5,3,4,4,4,3,4,9,4,5,7,2,5,0,1,0,3,2,6,4,3,0,1,0,1,0,2,0,0,6,1,0,1,2,0,1,2,1,4,0,0,3,6,5,5,5,5,3,4,0,5,2,5,3,1,6,2,4,3,2,2,5,2,4,3,4,3,4,1,3,3,5,3,3,8,0,4,1,1,2,0,0,4,4,1,6,3,6,2,7,4,1,2,3,3,2,5,3,4,8,2,0,1,4,6,7,0,0,1,4,3,8,3,2,1,4,1,1,1,1,2,2,6,0,1,2,1,4,2,1,2,1,5,5,2,10,5,4,3,2,3,1,0,3,1,2,7,3,5,2,3,3,5,3,6,3,1,5,5,3,5,4,2,4,3,1,2,2,0,7,4,0,7,2,2,3,3,1,6,2,1
